run_id,issue_key,condition,epic_summary,story_position,story_id,story,complexity,num_acceptance_criteria,acceptance_criteria,dependencies,num_source_files,source_files
20260814T033139Z,PIG-626,vanilla,Implement statistics tracking for records read by each mapper and reducer using Hadoop's counters framework.,1,US-1,"As a developer, I want to access the number of records read by each mapper for the last job in a script, so that I can analyze mapper performance.",M,3,The system retrieves the number of records read by each mapper for the last job. | The retrieved statistics are accurate and reflect the actual number of records processed. | The statistics are accessible via a defined API or method.,,2,src/main/java/org/apache/pig/tools/pigstats/PigStats.java | src/main/java/org/apache/pig/backend/hadoop/executionengine/mapReduceLayer/MRJobStats.java
20260814T033139Z,PIG-626,vanilla,Implement statistics tracking for records read by each mapper and reducer using Hadoop's counters framework.,2,US-2,"As a developer, I want to access the number of records read by each reducer for the last job in a script, so that I can analyze reducer performance.",M,3,The system retrieves the number of records read by each reducer for the last job. | The retrieved statistics are accurate and reflect the actual number of records processed. | The statistics are accessible via a defined API or method.,US-1,2,src/main/java/org/apache/pig/tools/pigstats/PigStats.java | src/main/java/org/apache/pig/backend/hadoop/executionengine/mapReduceLayer/MRJobStats.java
20260814T033139Z,PIG-626,vanilla,Implement statistics tracking for records read by each mapper and reducer using Hadoop's counters framework.,3,US-3,"As a tester, I want to verify that the statistics for records read by mappers and reducers are correctly implemented for PigStorage and BinStorage, so that I can ensure data integrity.",S,3,Test cases for PigStorage verify the correct number of records read by mappers and reducers. | Test cases for BinStorage verify the correct number of records read by mappers and reducers. | All tests pass successfully without errors.,US-1 | US-2,1,src/test/java/org/apache/pig/test/TestPigStats.java
20260814T033139Z,PIG-626,vanilla,Implement statistics tracking for records read by each mapper and reducer using Hadoop's counters framework.,4,US-4,"As a tester, I want to verify that the statistics for records read by mappers and reducers are correctly implemented for multiple MR jobs, so that I can ensure consistency across jobs.",M,3,Test cases for multiple MR jobs verify the correct number of records read by mappers and reducers. | The statistics are consistent across different MR jobs. | All tests pass successfully without errors.,US-1 | US-2,1,src/test/java/org/apache/pig/test/TestPigStats.java
20260814T033139Z,PIG-626,full_rag,Enhance Pig's statistics collection to include records read by each mapper and reducer using Hadoop counters.,1,US-1,"As a developer, I want to collect the number of records read by each mapper in the last job of a Pig script to analyze performance.",M,3,The system should accurately report the number of records read by each mapper. | The statistics should be accessible via the PigStats interface. | Test cases should validate the accuracy of the mapper records read count.,,2,MRJobStats.java | MRPigStatsUtil.java
20260814T033139Z,PIG-626,full_rag,Enhance Pig's statistics collection to include records read by each mapper and reducer using Hadoop counters.,2,US-2,"As a developer, I want to collect the number of records read by each reducer in the last job of a Pig script to analyze performance.",M,3,The system should accurately report the number of records read by each reducer. | The statistics should be accessible via the PigStats interface. | Test cases should validate the accuracy of the reducer records read count.,US-1,2,MRJobStats.java | MRPigStatsUtil.java
20260814T033139Z,PIG-626,full_rag,Enhance Pig's statistics collection to include records read by each mapper and reducer using Hadoop counters.,3,US-3,"As a developer, I want to ensure that the statistics collection for records read by mappers and reducers is integrated with existing PigStats framework.",L,3,The new statistics should be seamlessly integrated with the existing PigStats framework. | Existing functionalities of PigStats should remain unaffected. | Documentation should be updated to reflect the new statistics available.,US-1 | US-2,2,PigStats.java | MRPigStatsUtil.java
20260814T033139Z,PIG-626,full_rag_minus_past_tickets,Enhance Pig Statistics to track records read by each mapper and reducer for the last job in a Pig script.,1,US-1,"As a developer, I want to extend the MRJobStats class to include counters for records read by each mapper and reducer, so that I can track detailed statistics for the last job in a Pig script.",M,2,MRJobStats class includes methods to retrieve the number of records read by each mapper and reducer. | Unit tests validate the correct retrieval of these statistics.,,1,MRJobStats.java
20260814T033139Z,PIG-626,full_rag_minus_past_tickets,Enhance Pig Statistics to track records read by each mapper and reducer for the last job in a Pig script.,2,US-2,"As a developer, I want to modify the MRPigStatsUtil class to utilize the new counters in MRJobStats, so that I can collect and manage these statistics effectively.",M,2,MRPigStatsUtil class can start and stop collection of records read statistics. | Integration tests confirm the collection process for multiple MR jobs.,US-1,1,MRPigStatsUtil.java
20260814T033139Z,PIG-626,full_rag_minus_past_tickets,Enhance Pig Statistics to track records read by each mapper and reducer for the last job in a Pig script.,3,US-3,"As a developer, I want to implement a method to access the statistics for the last job in a Pig script, so that I can output the number of records read by each mapper and reducer.",S,2,Method outputs correct statistics for the last job in a Pig script. | Sample code provided in the requirement works as expected.,US-1 | US-2,2,MRJobStats.java | MRPigStatsUtil.java
20260814T033139Z,PIG-626,full_rag_minus_past_tickets,Enhance Pig Statistics to track records read by each mapper and reducer for the last job in a Pig script.,4,US-4,"As a tester, I want to create test cases for the new statistics feature, so that I can ensure its reliability and correctness.",M,2,Test cases cover PigStorage and BinStorage. | Test cases include scenarios for multiple MR jobs.,US-3,2,TestMRJobStats.java | TestMRPigStatsUtil.java
20260814T033139Z,PIG-626,full_rag_minus_design_documents,Enhance Apache Pig to collect and report statistics on records read by each mapper and reducer using Hadoop counters.,1,US-1,"As a developer, I want to collect the number of records read by each mapper and reducer for the last job in a Pig script, so that I can analyze job performance.",M,3,The system should use Hadoop counters to collect the number of records read by each mapper and reducer. | The statistics should be accessible for the last job executed in a Pig script. | The implementation should be verified with test cases covering PigStorage and BinStorage.,,2,src/org/apache/pig/tools/pigstats/MRPigStatsUtil.java | src/org/apache/pig/tools/pigstats/MRJobStats.java
20260814T033139Z,PIG-626,full_rag_minus_design_documents,Enhance Apache Pig to collect and report statistics on records read by each mapper and reducer using Hadoop counters.,2,US-2,"As a developer, I want to ensure that the statistics collection does not return '0' values erroneously, so that I can trust the accuracy of the reported data.",L,3,The system should handle cases where JobClient.getMapTaskReports(jobId) and JobClient.getReduceTaskReports(jobId) return empty lists. | The system should not report '0' values unless they are accurate. | The implementation should include test cases to verify the handling of empty task reports.,US-1,2,src/org/apache/pig/tools/pigstats/MRPigStatsUtil.java | src/org/apache/pig/tools/pigstats/MRJobStats.java
20260814T033139Z,PIG-626,full_rag_minus_coding_conventions,Enhance Pig Statistics to track records read by each mapper and reducer using Hadoop counters.,1,US-1,"As a developer, I want to collect the number of records read by each mapper and reducer for the last job in a Pig script, so that I can analyze job performance.",M,2,The system should accurately report the number of records read by each mapper and reducer. | The statistics should be accessible for the last job executed in a Pig script.,,2,MRJobStats.java | MRPigStatsUtil.java
20260814T033139Z,PIG-626,full_rag_minus_coding_conventions,Enhance Pig Statistics to track records read by each mapper and reducer using Hadoop counters.,2,US-2,"As a developer, I want to ensure that the statistics collection does not return '0' values erroneously, so that I can trust the data provided.",L,2,The system should not return '0' values for map/reduce runtime statistics unless they are genuinely zero. | The system should handle empty lists returned by JobClient.getMapTaskReports(jobId) and JobClient.getReduceTaskReports(jobId) gracefully.,US-1,2,MRJobStats.java | MRPigStatsUtil.java
20260814T033139Z,PIG-626,full_rag_minus_coding_conventions,Enhance Pig Statistics to track records read by each mapper and reducer using Hadoop counters.,3,US-3,"As a developer, I want to integrate the new statistics into the existing Pig Statistics framework, so that users can access them through the same interface.",M,2,The new statistics should be integrated into the Pig Statistics framework. | Users should be able to retrieve the new statistics using existing methods in the framework.,US-1,2,PigStats.java | MRPigStatsUtil.java
20260814T033139Z,PIG-626,full_rag_minus_codebase_summaries,Implement a feature to collect statistics on the number of records read by each mapper and reducer in the last job of a Pig script using Hadoop counters.,1,US-1,"As a developer, I want to access the number of records read by each mapper in the last job of a Pig script so that I can analyze the performance of the script.",M,3,The system retrieves the number of records read by each mapper for the last job. | The retrieved statistics are accurate and reflect the actual number of records processed. | The statistics are accessible through the PigStats API.,,2,src/org/apache/pig/tools/pigstats/PigStats.java | src/org/apache/pig/tools/pigstats/SimplePigStats.java
20260814T033139Z,PIG-626,full_rag_minus_codebase_summaries,Implement a feature to collect statistics on the number of records read by each mapper and reducer in the last job of a Pig script using Hadoop counters.,2,US-2,"As a developer, I want to access the number of records read by each reducer in the last job of a Pig script so that I can analyze the performance of the script.",M,3,The system retrieves the number of records read by each reducer for the last job. | The retrieved statistics are accurate and reflect the actual number of records processed. | The statistics are accessible through the PigStats API.,US-1,2,src/org/apache/pig/tools/pigstats/PigStats.java | src/org/apache/pig/tools/pigstats/SimplePigStats.java
20260814T033139Z,PIG-626,full_rag_minus_codebase_summaries,Implement a feature to collect statistics on the number of records read by each mapper and reducer in the last job of a Pig script using Hadoop counters.,3,US-3,"As a developer, I want to ensure that the statistics collection does not interfere with the execution of Pig scripts so that performance is not degraded.",L,3,The statistics collection process runs concurrently with the Pig script execution. | There is no significant performance degradation when statistics collection is enabled. | The system can handle large volumes of data without crashing.,US-1 | US-2,3,src/org/apache/pig/tools/pigstats/PigStats.java | src/org/apache/pig/tools/pigstats/SimplePigStats.java | src/org/apache/pig/backend/hadoop/executionengine/mapReduceLayer/JobControlCompiler.java
20260814T033139Z,PIG-627,vanilla,Optimize Pig scripts to reduce redundant computations in multi-query scenarios.,1,US-1,"As a data engineer, I want Pig to identify shared computations in scripts so that redundant data processing is minimized.",L,3,Pig identifies shared computations in scripts with multiple stores. | Redundant data reads and processing are minimized. | Performance metrics show reduced execution time for scripts with shared computations.,,2,src/org/apache/pig/backend/hadoop/executionengine/physicalLayer/PhysicalPlan.java | src/org/apache/pig/backend/hadoop/executionengine/physicalLayer/optimizer/Optimizer.java
20260814T033139Z,PIG-627,vanilla,Optimize Pig scripts to reduce redundant computations in multi-query scenarios.,2,US-2,"As a data engineer, I want Pig to execute shared computations only once and reuse the results across multiple stores.",M,3,Shared computations are executed only once. | Results of shared computations are reused across multiple store operations. | Output data remains consistent with previous Pig behavior.,US-1,1,src/org/apache/pig/backend/hadoop/executionengine/physicalLayer/plans/PhysicalPlanOptimizer.java
20260814T033139Z,PIG-627,vanilla,Optimize Pig scripts to reduce redundant computations in multi-query scenarios.,3,US-3,"As a data engineer, I want to see logs indicating when shared computations are optimized to ensure transparency.",S,3,Logs are generated when shared computations are identified and optimized. | Logs include details of the computations and the optimization applied. | Log level can be configured to include or exclude optimization details.,US-1 | US-2,1,src/org/apache/pig/tools/logging/Logger.java
20260814T033139Z,PIG-627,full_rag,Enhance multi-query optimization in Apache Pig to reduce redundant MapReduce jobs and improve performance.,1,US-1,"As a developer, I want the multi-query optimizer to merge multiple group by operations following a join or cogroup into a single MapReduce job to improve performance.",L,2,The optimizer should reduce the number of MapReduce jobs for scripts with multiple group bys following a join or cogroup. | Performance tests should show a reduction in execution time for affected scripts.,,1,src/org/apache/pig/newplan/logical/optimizer/MultiQueryOptimizer.java
20260814T033139Z,PIG-627,full_rag,Enhance multi-query optimization in Apache Pig to reduce redundant MapReduce jobs and improve performance.,2,US-2,"As a developer, I want to implement a map-side group operator for ordered data to minimize disk I/O between mappers and reducers.",M,2,The map-side group operator should be used when input data is pre-sorted by key. | Disk I/O between mappers and reducers should be reduced for applicable cases.,,1,src/org/apache/pig/backend/hadoop/executionengine/physicalLayer/relationalOperators/POMapSideGroup.java
20260814T033139Z,PIG-627,full_rag,Enhance multi-query optimization in Apache Pig to reduce redundant MapReduce jobs and improve performance.,3,US-3,"As a developer, I want to ensure that the multi-query optimizer can handle scripts with multiple stores and shared computations efficiently.",M,2,Scripts with multiple stores and shared computations should execute as a single job where possible. | The optimizer should correctly identify and merge shared computations.,US-1,2,src/org/apache/pig/newplan/logical/optimizer/MultiQueryOptimizer.java | src/org/apache/pig/backend/hadoop/executionengine/physicalLayer/relationalOperators/MultiQueryPackager.java
20260814T033139Z,PIG-627,full_rag_minus_past_tickets,Implement multi-query optimization in Apache Pig to reduce redundant data processing and improve performance.,1,US-1,"As a developer, I want to identify shared computations in Pig scripts so that they can be optimized for multi-query execution.",M,2,Identify common sub-expressions in Pig scripts. | Ensure that shared computations are only executed once.,,1,src/org/apache/pig/newplan/optimizer/MultiQueryOptimizer.java
20260814T033139Z,PIG-627,full_rag_minus_past_tickets,Implement multi-query optimization in Apache Pig to reduce redundant data processing and improve performance.,2,US-2,"As a developer, I want to implement a mechanism to merge multiple MapReduce operations into fewer operations to optimize performance.",L,2,Merge MapReduce operations where possible. | Ensure that the merged operations produce the correct output.,US-1,2,src/org/apache/pig/newplan/optimizer/MultiQueryOptimizer.java | src/org/apache/pig/backend/hadoop/executionengine/physicalLayer/relationalOperators/MultiQueryPackager.java
20260814T033139Z,PIG-627,full_rag_minus_past_tickets,Implement multi-query optimization in Apache Pig to reduce redundant data processing and improve performance.,3,US-3,"As a developer, I want to ensure that the multi-query optimization does not affect the correctness of the output.",M,2,Validate that the output of optimized queries matches the output of non-optimized queries. | Implement unit tests to verify the correctness of the optimization.,US-2,1,test/org/apache/pig/test/TestMultiQueryOptimization.java
20260814T033139Z,PIG-627,full_rag_minus_past_tickets,Implement multi-query optimization in Apache Pig to reduce redundant data processing and improve performance.,4,US-4,"As a developer, I want to document the changes made for multi-query optimization to ensure maintainability.",S,2,Update the Apache Pig documentation to include information about multi-query optimization. | Provide examples of optimized and non-optimized Pig scripts.,US-3,1,docs/multi-query-optimization.md
20260814T033139Z,PIG-627,full_rag_minus_design_documents,Enhance multi-query optimization in Apache Pig to reduce redundant MapReduce jobs.,1,US-1,"As a developer, I want the multi-query optimizer to merge multiple stores with shared computations into fewer MapReduce jobs to improve performance.",L,2,"Given a Pig script with multiple stores and shared computations, when executed, then the optimizer should reduce the number of MapReduce jobs. | The output of the script should remain consistent with the current behavior.",,2,src/org/apache/pig/newplan/logical/optimizer/MultiQueryOptimizer.java | src/org/apache/pig/newplan/logical/optimizer/MultiQueryPackager.java
20260814T033139Z,PIG-627,full_rag_minus_design_documents,Enhance multi-query optimization in Apache Pig to reduce redundant MapReduce jobs.,2,US-2,"As a developer, I want to implement a map-side group operator for ordered data to reduce disk I/O during group operations.",M,2,"Given input data that is pre-sorted by key, when a group operation is performed, then it should be executed on the map side without involving reducers. | The implementation should not affect the correctness of the group operation.",,1,src/org/apache/pig/backend/hadoop/executionengine/physicalLayer/relationalOperators/POGroup.java
20260814T033139Z,PIG-627,full_rag_minus_design_documents,Enhance multi-query optimization in Apache Pig to reduce redundant MapReduce jobs.,3,US-3,"As a developer, I want to ensure that the optimizer correctly handles scripts with multiple group bys following a join or cogroup.",M,2,"Given a Pig script with multiple group bys following a join or cogroup, when executed, then the optimizer should reduce the number of MapReduce jobs required. | The output should be consistent with the expected results of the script.",US-1,1,src/org/apache/pig/newplan/logical/optimizer/MultiQueryOptimizer.java
20260814T033139Z,PIG-627,full_rag_minus_coding_conventions,Enhance multi-query optimization in Apache Pig to reduce unnecessary MapReduce jobs and improve performance.,1,US-1,"As a developer, I want the multi-query optimizer to merge multiple group by operations following a join or cogroup into a single MapReduce job to improve performance.",L,2,The optimizer should reduce the number of MapReduce jobs for scripts with multiple group bys following a join or cogroup. | Performance tests should show a reduction in execution time for affected scripts.,,1,MultiQueryOptimizer.java
20260814T033139Z,PIG-627,full_rag_minus_coding_conventions,Enhance multi-query optimization in Apache Pig to reduce unnecessary MapReduce jobs and improve performance.,2,US-2,"As a developer, I want to implement a map-side group operator for ordered data to minimize disk I/O between mappers and reducers.",M,2,The map-side group operator should be used when input data is pre-sorted by key. | Performance tests should show reduced disk I/O and improved execution time for applicable scripts.,,2,MultiQueryOptimizer.java | MultiQueryPackager.java
20260814T033139Z,PIG-627,full_rag_minus_coding_conventions,Enhance multi-query optimization in Apache Pig to reduce unnecessary MapReduce jobs and improve performance.,3,US-3,"As a developer, I want to ensure that multi-query optimization handles scripts with multiple stores and shared computations efficiently.",M,2,Scripts with multiple stores and shared computations should execute as a single job where possible. | The optimizer should prevent redundant data reads and writes.,US-1,2,MultiQueryOptimizer.java | MultiQueryPackager.java
20260814T033139Z,PIG-627,full_rag_minus_codebase_summaries,Optimize multi-query execution in Pig to reduce unnecessary Map-Reduce jobs and improve performance.,1,US-1,"As a data engineer, I want Pig to optimize scripts with multiple stores and shared computations so that redundant Map-Reduce jobs are minimized.",L,2,"Given a Pig script with multiple stores, when executed, then the number of Map-Reduce jobs should be minimized. | The script should not perform redundant data reads and writes.",,1,src/org/apache/pig/newplan/optimizer/mqo/MultiQueryOptimizer.java
20260814T033139Z,PIG-627,full_rag_minus_codebase_summaries,Optimize multi-query execution in Pig to reduce unnecessary Map-Reduce jobs and improve performance.,2,US-2,"As a data engineer, I want Pig to support map-side group operations for ordered data to reduce disk I/O.",M,2,"Given ordered input data, when a group operation is performed, then it should be executed on the map side without involving reducers. | The execution should not incur unnecessary disk writes/reads between mappers and reducers.",,1,src/org/apache/pig/backend/hadoop/executionengine/mapReduceLayer/MapSideGroup.java
20260814T033139Z,PIG-627,full_rag_minus_codebase_summaries,Optimize multi-query execution in Pig to reduce unnecessary Map-Reduce jobs and improve performance.,3,US-3,"As a data engineer, I want Pig to handle multiple group bys following a join or cogroup efficiently to reduce the number of MR jobs.",L,2,"Given a Pig script with multiple group bys following a join or cogroup, when executed, then the number of MR jobs should be reduced. | The optimizer should merge jobs where possible to improve performance.",US-1,1,src/org/apache/pig/newplan/optimizer/mqo/MultiQueryOptimizer.java
20260814T033139Z,PIG-692,vanilla,Automatically set up job name based on the script file name when running a Pig script.,1,US-1,"As a developer, I want the Pig script job name to be automatically set to the script file name, so that I can easily identify jobs in the job tracker.",M,3,"When a Pig script is executed, the job name should default to the script file name without the extension. | If a job name is explicitly provided, it should override the default script file name. | The job name should be visible in the job tracker and logs.",,2,src/org/apache/pig/Main.java | src/org/apache/pig/tools/pigscript/PigScriptRunner.java
20260814T033139Z,PIG-692,vanilla,Automatically set up job name based on the script file name when running a Pig script.,2,US-2,"As a developer, I want to ensure that the job name derived from the script file name is sanitized, so that it conforms to job name requirements.",S,3,The job name should not contain any illegal characters. | The job name should be truncated if it exceeds the maximum allowed length. | The job name should be unique if multiple scripts with the same name are run simultaneously.,US-1,1,src/org/apache/pig/tools/pigscript/PigScriptRunner.java
20260814T033139Z,PIG-692,full_rag,Automatically set up job name based on the script file name when running a Pig script.,1,US-1,"As a developer, I want the Pig script execution to automatically set the job name based on the script file name, so that I can easily identify jobs in the Hadoop cluster.",M,3,"When a Pig script is executed, the job name should default to the script file name. | The job name should be visible in the Hadoop job tracker or resource manager. | If a job name is explicitly set via command line options, it should override the default script-based name.",,2,src/org/apache/pig/tools/pigscript/PigServer.java | src/org/apache/pig/impl/util/ScriptState.java
20260814T033139Z,PIG-692,full_rag,Automatically set up job name based on the script file name when running a Pig script.,2,US-2,"As a developer, I want to ensure that the job name derived from the script file name is sanitized to avoid any invalid characters, so that it complies with Hadoop job naming conventions.",S,3,"The job name should not contain any characters that are invalid in Hadoop job names. | If the script file name contains invalid characters, they should be replaced or removed in the job name. | The sanitized job name should still be recognizable as derived from the original script file name.",US-1,1,src/org/apache/pig/tools/pigscript/PigServer.java
20260814T033139Z,PIG-692,full_rag,Automatically set up job name based on the script file name when running a Pig script.,3,US-3,"As a developer, I want to add unit tests to verify that the job name is correctly set based on the script file name, so that I can ensure the feature works as expected.",M,3,Unit tests should cover scenarios where the script file name is used as the job name. | Tests should verify that explicitly set job names override the default script-based name. | Tests should include cases with invalid characters in script file names.,US-1 | US-2,1,test/org/apache/pig/test/TestPigServer.java
20260814T033139Z,PIG-692,full_rag_minus_past_tickets,Automatically set up the job name based on the script file name when running a Pig script.,1,US-1,"As a developer, I want the PigServer to extract the script file name so that it can be used to set the job name automatically.",M,2,"Given a script file, when it is executed, the PigServer should extract the file name without the extension. | The extracted file name should be stored in a variable accessible for job name configuration.",,1,PigServer.java
20260814T033139Z,PIG-692,full_rag_minus_past_tickets,Automatically set up the job name based on the script file name when running a Pig script.,2,US-2,"As a developer, I want the ScriptState to use the extracted script file name to set the job name for all MapReduce jobs.",M,2,"The job name should be set to the script file name for each MapReduce job spawned by the script. | If the script file name is 'myscript.pig', the job name should be 'myscript'.",US-1,1,ScriptState.java
20260814T033139Z,PIG-692,full_rag_minus_past_tickets,Automatically set up the job name based on the script file name when running a Pig script.,3,US-3,"As a developer, I want to ensure that the job name setting does not interfere with existing job properties.",S,2,Existing job properties should remain unchanged except for the job name. | The job name should be correctly reflected in the Hadoop job XML.,US-2,1,ScriptState.java
20260814T033139Z,PIG-692,full_rag_minus_design_documents,Automatically set up job name based on the script file name when running a Pig script.,1,US-1,"As a developer, I want the Pig script execution to automatically set the job name based on the script file name, so that I can easily identify jobs in the Hadoop job tracker.",M,3,"When a Pig script is executed, the job name should default to the script file name. | The job name should be visible in the Hadoop job tracker. | If a job name is explicitly set via command line options, it should override the default script file name.",,2,src/org/apache/pig/tools/pigscript/PigServer.java | src/org/apache/pig/impl/util/ScriptState.java
20260814T033139Z,PIG-692,full_rag_minus_design_documents,Automatically set up job name based on the script file name when running a Pig script.,2,US-2,"As a developer, I want to ensure that the job name setting does not interfere with existing job configuration options, so that current workflows remain unaffected.",S,3,Existing command line options for setting job names should still function correctly. | The automatic job name should not override explicitly set job names. | The feature should be backward compatible with existing scripts.,US-1,1,src/org/apache/pig/tools/pigscript/PigServer.java
20260814T033139Z,PIG-692,full_rag_minus_design_documents,Automatically set up job name based on the script file name when running a Pig script.,3,US-3,"As a developer, I want to update the documentation to reflect the new feature of automatic job name setting, so that users are aware of this functionality.",S,3,Documentation should include a description of the automatic job name feature. | Examples should be provided to demonstrate how the feature works. | The documentation should be updated on the official Apache Pig website and wiki.,US-1,2,docs/index.html | docs/user_guide.html
20260814T033139Z,PIG-692,full_rag_minus_coding_conventions,Automatically set up job name based on the Pig script file name when executing scripts.,1,US-1,"As a developer, I want the Pig job name to be automatically set to the script file name when executing a script, so that I can easily identify jobs in the job tracker.",M,3,"When a Pig script is executed, the job name should default to the script file name. | The job name should be visible in the job tracker and logs. | If a job name is explicitly set via command line options, it should override the default script file name.",,2,src/org/apache/pig/tools/pigscript/PigServer.java | src/org/apache/pig/impl/util/ScriptState.java
20260814T033139Z,PIG-692,full_rag_minus_coding_conventions,Automatically set up job name based on the Pig script file name when executing scripts.,2,US-2,"As a developer, I want to ensure that the job name derived from the script file name is sanitized to avoid any invalid characters, so that it does not cause errors in the job tracker.",S,3,The script file name should be sanitized to remove or replace invalid characters for job names. | The sanitized job name should be used if the original script file name contains invalid characters. | A warning should be logged if the script file name is modified due to invalid characters.,US-1,1,src/org/apache/pig/tools/pigscript/PigServer.java
20260814T033139Z,PIG-692,full_rag_minus_coding_conventions,Automatically set up job name based on the Pig script file name when executing scripts.,3,US-3,"As a developer, I want to add unit tests to verify that the job name is correctly set based on the script file name, so that I can ensure the feature works as expected.",M,3,Unit tests should cover scenarios where the script file name is used as the job name. | Tests should verify that explicitly set job names override the default script file name. | Tests should check the sanitization process for invalid characters in script file names.,US-1 | US-2,1,test/org/apache/pig/test/TestPigServer.java
20260814T033139Z,PIG-692,full_rag_minus_codebase_summaries,Automatically set up job name based on the script file name when running a Pig script.,1,US-1,"As a user, I want the job name to be automatically set to the script file name when running a Pig script, so that I can easily identify jobs in the job tracker.",M,3,"Given a Pig script file named 'example.pig', when I run 'pig example.pig', then the job name should be 'example'. | The job name should be visible in the job tracker and logs. | If the script file name contains special characters, they should be sanitized in the job name.",,2,src/org/apache/pig/Main.java | src/org/apache/pig/tools/pigscript/PigScriptRunner.java
20260814T033139Z,PIG-692,full_rag_minus_codebase_summaries,Automatically set up job name based on the script file name when running a Pig script.,2,US-2,"As a developer, I want to ensure that the job name setting feature does not interfere with existing command line options, so that current functionality remains stable.",S,2,Existing command line options such as '-q' for queue name should still function correctly. | The job name should only be set automatically if no job name is explicitly provided by the user.,US-1,1,src/org/apache/pig/Main.java
20260814T033139Z,PIG-692,full_rag_minus_codebase_summaries,Automatically set up job name based on the script file name when running a Pig script.,3,US-3,"As a user, I want to be able to override the automatic job name with a custom name if needed, so that I have flexibility in naming jobs.",M,2,"Provide a command line option to specify a custom job name. | When a custom job name is provided, it should override the automatic script-based job name.",US-1,2,src/org/apache/pig/Main.java | src/org/apache/pig/tools/pigscript/PigScriptRunner.java
20260814T033139Z,PIG-704,vanilla,Enhance interactive mode with alias management and shortcut features.,1,US-1,"As a user, I want to list all defined aliases so that I can manage them effectively during testing.",M,1,"Given the interactive mode, when I enter the command 'aliases', then I should see a list of all currently defined aliases.",,2,src/interactive_mode/commands/aliases_command.py | src/interactive_mode/alias_manager.py
20260814T033139Z,PIG-704,vanilla,Enhance interactive mode with alias management and shortcut features.,2,US-2,"As a user, I want to use a shortcut to describe the last created alias to save time and effort.",S,2,"Given the interactive mode, when I enter the command 'DESCRIBE _', then the system should describe the last created alias. | The shortcut '_' should always refer to the most recently created alias.",,2,src/interactive_mode/commands/describe_command.py | src/interactive_mode/alias_manager.py
20260814T033139Z,PIG-704,full_rag,Enhance interactive mode to manage and utilize aliases more effectively.,1,US-1,"As a user, I want to list all defined aliases in interactive mode so that I can easily track them.",M,2,A new command 'aliases' is available in interactive mode. | Executing 'aliases' lists all currently defined aliases.,,2,src/interactive/commands/AliasCommand.java | src/interactive/InteractiveMode.java
20260814T033139Z,PIG-704,full_rag,Enhance interactive mode to manage and utilize aliases more effectively.,2,US-2,"As a user, I want to use a shortcut to describe the last created alias to reduce typing effort.",S,2,The special name '_' can be used as a shortcut for the last created alias in the DESCRIBE command. | Typing 'DESCRIBE _' describes the schema of the last created alias.,,2,src/interactive/commands/DescribeCommand.java | src/interactive/InteractiveMode.java
20260814T033139Z,PIG-704,full_rag_minus_past_tickets,Enhance interactive mode with alias management and shortcut features.,1,US-1,"As a user, I want to list all defined aliases so that I can easily track them during script testing.",M,3,A new command 'aliases' is available in the interactive mode. | Executing 'aliases' lists all currently defined aliases. | The list includes aliases created with typos and different versions.,,2,grunt/InteractiveMode.java | grunt/AliasManager.java
20260814T033139Z,PIG-704,full_rag_minus_past_tickets,Enhance interactive mode with alias management and shortcut features.,2,US-2,"As a user, I want a shortcut to describe the last created alias to reduce typing effort.",S,3,The special name '_' can be used as a shortcut for the last created alias. | Executing 'DESCRIBE _' describes the schema of the last created alias. | The shortcut works consistently across different sessions.,,2,grunt/InteractiveMode.java | grunt/AliasManager.java
20260814T033139Z,PIG-704,full_rag_minus_design_documents,Enhance interactive mode with alias management and shortcut features.,1,US-1,"As a user, I want to list all defined aliases in interactive mode so that I can easily track them during script testing.",M,2,A new command 'aliases' is available in interactive mode. | Executing 'aliases' lists all currently defined aliases.,,2,src/interactive/commands/AliasCommand.java | src/interactive/InteractiveMode.java
20260814T033139Z,PIG-704,full_rag_minus_design_documents,Enhance interactive mode with alias management and shortcut features.,2,US-2,"As a user, I want to use a shortcut to describe the last created alias to reduce typing effort.",S,2,The special name '_' can be used as a shortcut for the last created alias in the DESCRIBE command. | Executing 'DESCRIBE _' describes the schema of the last created alias.,,2,src/interactive/commands/DescribeCommand.java | src/interactive/InteractiveMode.java
20260814T033139Z,PIG-704,full_rag_minus_design_documents,Enhance interactive mode with alias management and shortcut features.,3,US-3,"As a developer, I want autocompletion to suggest aliases in contexts where an alias is expected to improve usability.",L,2,Autocompletion suggests defined aliases when typing commands that expect an alias. | Autocompletion updates suggestions as new aliases are defined.,US-1,2,src/interactive/Autocomplete.java | src/interactive/commands/AliasCommand.java
20260814T033139Z,PIG-704,full_rag_minus_coding_conventions,Enhance interactive mode to improve alias management and usability.,1,US-1,"As a user, I want to list all defined aliases so that I can easily track them during interactive sessions.",M,3,A new command 'aliases' is available in interactive mode. | Executing 'aliases' lists all currently defined aliases. | The list of aliases is displayed in a user-friendly format.,,2,src/interactive/CommandProcessor.java | src/interactive/AliasManager.java
20260814T033139Z,PIG-704,full_rag_minus_coding_conventions,Enhance interactive mode to improve alias management and usability.,2,US-2,"As a user, I want to use a shortcut to describe the last created alias to reduce typing effort.",S,3,"The special name '_' can be used as a shortcut for the last created alias in the DESCRIBE command. | If no aliases have been created, using '_' results in an appropriate error message. | The shortcut works consistently across different interactive sessions.",,2,src/interactive/CommandProcessor.java | src/interactive/AliasManager.java
20260814T033139Z,PIG-704,full_rag_minus_codebase_summaries,Enhance interactive mode with alias management and shortcut features.,1,US-1,"As a user, I want to list all defined aliases so that I can manage them effectively during interactive sessions.",M,3,A new command 'aliases' is available in the interactive mode. | Executing 'aliases' lists all currently defined aliases. | The list includes alias names and their corresponding definitions.,,2,src/interactive/command_handler.py | src/interactive/alias_manager.py
20260814T033139Z,PIG-704,full_rag_minus_codebase_summaries,Enhance interactive mode with alias management and shortcut features.,2,US-2,"As a user, I want to use a shortcut to describe the last created alias to save time and reduce typing errors.",S,3,"The special name '_' can be used as a shortcut for the last created alias in the DESCRIBE command. | If no aliases have been created, using '_' results in an appropriate error message. | The shortcut works consistently across different interactive sessions.",,2,src/interactive/command_handler.py | src/interactive/alias_manager.py
20260814T033139Z,PIG-712,vanilla,Implement utilities for creating schemas for bags and tuples to reduce boilerplate code in Pig.,1,US-1,"As a developer, I want a utility method to create tuple schemas so that I can avoid writing verbose boilerplate code.",M,3,Utility method for creating tuple schemas is available. | The method reduces the amount of code needed to define a tuple schema. | The method is documented with examples.,,1,src/org/apache/pig/impl/logicalLayer/schema/SchemaUtilities.java
20260814T033139Z,PIG-712,vanilla,Implement utilities for creating schemas for bags and tuples to reduce boilerplate code in Pig.,2,US-2,"As a developer, I want a utility method to create bag schemas so that I can avoid writing verbose boilerplate code.",M,3,Utility method for creating bag schemas is available. | The method reduces the amount of code needed to define a bag schema. | The method is documented with examples.,,1,src/org/apache/pig/impl/logicalLayer/schema/SchemaUtilities.java
20260814T033139Z,PIG-712,vanilla,Implement utilities for creating schemas for bags and tuples to reduce boilerplate code in Pig.,3,US-3,"As a developer, I want the new schema utility methods to be integrated into the existing outputSchema method so that I can seamlessly use them in my current workflow.",L,3,The outputSchema method utilizes the new utility methods for creating schemas. | Existing functionality of outputSchema is preserved. | Documentation is updated to reflect the changes.,US-1 | US-2,2,src/org/apache/pig/impl/logicalLayer/schema/Schema.java | src/org/apache/pig/impl/logicalLayer/schema/SchemaUtilities.java
20260814T033139Z,PIG-712,full_rag,Develop utilities to simplify the creation of schemas for bags and tuples in Apache Pig.,1,US-1,"As a developer, I want to create tuple schemas using a utility method so that I can avoid verbose boilerplate code.",M,3,Utility method `newTupleSchema` is available in `SchemaUtil`. | The method accepts a list or array of field names and data types. | The method returns a valid tuple schema object.,,1,SchemaUtil.java
20260814T033139Z,PIG-712,full_rag,Develop utilities to simplify the creation of schemas for bags and tuples in Apache Pig.,2,US-2,"As a developer, I want to create bag schemas using a utility method so that I can avoid verbose boilerplate code.",M,3,Utility method `newBagSchema` is available in `SchemaUtil`. | The method accepts a list or array of field names and data types. | The method returns a valid bag schema object.,,1,SchemaUtil.java
20260814T033139Z,PIG-712,full_rag,Develop utilities to simplify the creation of schemas for bags and tuples in Apache Pig.,3,US-3,"As a developer, I want to ensure that the new schema utilities are compatible with existing schema translation methods.",L,3,New utility methods integrate seamlessly with `translateSchema` and `translateFieldSchema` in `Util.java`. | Existing tests for schema translation pass without modification. | New tests are added to verify the integration of new utilities.,US-1 | US-2,2,Util.java | SchemaUtil.java
20260814T033139Z,PIG-712,full_rag_minus_past_tickets,Develop utilities to simplify the creation of schemas for bags and tuples in Apache Pig.,1,US-1,"As a developer, I want to create a utility method for generating tuple schemas so that I can reduce boilerplate code.",M,4,Utility method `newTupleSchema` is implemented. | The method accepts a list or array of field names and data types. | The method returns a valid tuple schema. | Unit tests cover various data types and field combinations.,,1,SchemaUtil.java
20260814T033139Z,PIG-712,full_rag_minus_past_tickets,Develop utilities to simplify the creation of schemas for bags and tuples in Apache Pig.,2,US-2,"As a developer, I want to create a utility method for generating bag schemas so that I can reduce boilerplate code.",M,4,Utility method `newBagSchema` is implemented. | The method accepts a list or array of field names and data types. | The method returns a valid bag schema. | Unit tests cover various data types and field combinations.,,1,SchemaUtil.java
20260814T033139Z,PIG-712,full_rag_minus_past_tickets,Develop utilities to simplify the creation of schemas for bags and tuples in Apache Pig.,3,US-3,"As a developer, I want to ensure that the new schema utilities integrate seamlessly with existing schema translation utilities.",L,3,New utility methods are compatible with `translateSchema` and `translateFieldSchema` methods. | Integration tests confirm compatibility with existing schema translation utilities. | Documentation is updated to reflect new utilities and their usage.,US-1 | US-2,2,Util.java | SchemaUtil.java
20260814T033139Z,PIG-712,full_rag_minus_design_documents,Develop utilities to simplify the creation of schemas for bags and tuples in Apache Pig.,1,US-1,"As a Pig developer, I want to create a utility method for generating tuple schemas so that I can reduce boilerplate code in the outputSchema method.",M,3,Utility method `newTupleSchema` is available in `SchemaUtil`. | The method accepts a list or array of field names and data types. | The method returns a schema object representing a tuple.,,1,SchemaUtil.java
20260814T033139Z,PIG-712,full_rag_minus_design_documents,Develop utilities to simplify the creation of schemas for bags and tuples in Apache Pig.,2,US-2,"As a Pig developer, I want to create a utility method for generating bag schemas so that I can encapsulate boilerplate code in utility methods.",M,3,Utility method `newBagSchema` is available in `SchemaUtil`. | The method accepts a list or array of field names and data types. | The method returns a schema object representing a bag.,,1,SchemaUtil.java
20260814T033139Z,PIG-712,full_rag_minus_design_documents,Develop utilities to simplify the creation of schemas for bags and tuples in Apache Pig.,3,US-3,"As a Pig developer, I want to ensure that the new schema utility methods support all predefined data types so that they can be used universally across different data types.",S,2,Utility methods support all data types in `SUPPORTED_TYPE_SET`. | Tests cover schema creation for each data type.,US-1 | US-2,1,SchemaUtil.java
20260814T033139Z,PIG-712,full_rag_minus_design_documents,Develop utilities to simplify the creation of schemas for bags and tuples in Apache Pig.,4,US-4,"As a Pig developer, I want to refactor existing code to use the new schema utility methods so that the codebase is cleaner and more maintainable.",L,2,Existing schema creation code is replaced with calls to `newTupleSchema` and `newBagSchema`. | Codebase passes all existing tests after refactoring.,US-1 | US-2 | US-3,2,Util.java | SchemaUtil.java
20260814T033139Z,PIG-712,full_rag_minus_coding_conventions,Develop utilities to simplify the creation of schemas for bags and tuples in Apache Pig.,1,US-1,"As a developer, I want to create a utility method for generating tuple schemas so that I can reduce boilerplate code.",M,3,Utility method `newTupleSchema` is available in `SchemaUtil`. | The method accepts a list of field names and data types. | The method returns a schema object representing a tuple.,,1,SchemaUtil.java
20260814T033139Z,PIG-712,full_rag_minus_coding_conventions,Develop utilities to simplify the creation of schemas for bags and tuples in Apache Pig.,2,US-2,"As a developer, I want to create a utility method for generating bag schemas so that I can reduce boilerplate code.",M,3,Utility method `newBagSchema` is available in `SchemaUtil`. | The method accepts a list of field names and data types. | The method returns a schema object representing a bag.,,1,SchemaUtil.java
20260814T033139Z,PIG-712,full_rag_minus_coding_conventions,Develop utilities to simplify the creation of schemas for bags and tuples in Apache Pig.,3,US-3,"As a developer, I want to ensure that the new schema utilities support all predefined data types so that they are versatile.",S,2,The utility methods support all data types in `SUPPORTED_TYPE_SET`. | Tests cover schema creation for each data type.,US-1 | US-2,1,SchemaUtil.java
20260814T033139Z,PIG-712,full_rag_minus_coding_conventions,Develop utilities to simplify the creation of schemas for bags and tuples in Apache Pig.,4,US-4,"As a developer, I want to refactor existing code to use the new schema utilities so that the codebase is cleaner.",L,2,Existing schema creation code is replaced with calls to `newTupleSchema` and `newBagSchema`. | Codebase is reviewed to ensure no redundant schema creation code remains.,US-1 | US-2 | US-3,2,Util.java | SchemaUtil.java
20260814T033139Z,PIG-712,full_rag_minus_codebase_summaries,Develop utilities to simplify the creation of schemas for bags and tuples in Apache Pig.,1,US-1,"As a Pig developer, I want a utility method to create tuple schemas so that I can avoid verbose boilerplate code.",M,3,Utility method can create a tuple schema with specified field types. | The method should be accessible from the org.apache.pig.data package. | The method should be documented with examples in the Pig documentation.,,2,src/org/apache/pig/data/DataType.java | src/org/apache/pig/impl/logicalLayer/schema/Schema.java
20260814T033139Z,PIG-712,full_rag_minus_codebase_summaries,Develop utilities to simplify the creation of schemas for bags and tuples in Apache Pig.,2,US-2,"As a Pig developer, I want a utility method to create bag schemas so that I can encapsulate the boilerplate code.",M,3,Utility method can create a bag schema with specified tuple schema. | The method should be accessible from the org.apache.pig.data package. | The method should be documented with examples in the Pig documentation.,US-1,2,src/org/apache/pig/data/DataType.java | src/org/apache/pig/impl/logicalLayer/schema/Schema.java
20260814T033139Z,PIG-712,full_rag_minus_codebase_summaries,Develop utilities to simplify the creation of schemas for bags and tuples in Apache Pig.,3,US-3,"As a Pig developer, I want to ensure that the new utility methods are efficient when schemas are known to reduce memory overhead.",L,3,Utility methods should optimize memory usage when dealing with primitive types. | Performance benchmarks should show reduced memory usage compared to existing methods. | The methods should be tested with various data types to ensure efficiency.,US-1 | US-2,2,src/org/apache/pig/data/DataType.java | src/org/apache/pig/impl/logicalLayer/schema/Schema.java
20260814T033139Z,PIG-713,vanilla,Enhance the autocompletion feature to support alias completion in various contexts.,1,US-1,"As a developer, I want the autocompletion feature to suggest aliases in the context of alias usage, so that I can code more efficiently.",M,3,"Given a context where an alias is expected, when I trigger autocompletion, then aliases should be suggested. | Aliases should be suggested based on the current scope and context. | The autocompletion should prioritize aliases over keywords when applicable.",,2,src/autocomplete/AutocompleteEngine.java | src/autocomplete/ContextAnalyzer.java
20260814T033139Z,PIG-713,vanilla,Enhance the autocompletion feature to support alias completion in various contexts.,2,US-2,"As a developer, I want the autocompletion feature to recognize and suggest aliases defined in the current file, so that I can quickly access them.",S,2,"Given a file with defined aliases, when I trigger autocompletion, then those aliases should be suggested. | The autocompletion should update suggestions dynamically as new aliases are defined.",US-1,2,src/autocomplete/AutocompleteEngine.java | src/parser/AliasParser.java
20260814T033139Z,PIG-713,vanilla,Enhance the autocompletion feature to support alias completion in various contexts.,3,US-3,"As a developer, I want the autocompletion feature to suggest aliases from imported modules, so that I can use them without manually searching.",L,2,"Given a module with exported aliases, when I import the module and trigger autocompletion, then the aliases should be suggested. | The autocompletion should respect the visibility and scope of imported aliases.",US-1,2,src/autocomplete/AutocompleteEngine.java | src/imports/ImportResolver.java
20260814T033139Z,PIG-713,full_rag,Enhance the autocompletion feature to support alias completion in the Apache Pig Grunt shell.,1,US-1,"As a developer, I want the autocompletion feature to suggest aliases so that I can quickly complete commands without typing full alias names.",M,2,Autocompletion suggests aliases when typing in contexts where an alias is expected. | The list of suggested aliases is up-to-date with the current session's defined aliases.,,2,PigCompletorAliases.java | PigCompletor.java
20260814T033139Z,PIG-713,full_rag,Enhance the autocompletion feature to support alias completion in the Apache Pig Grunt shell.,2,US-2,"As a developer, I want a command to list all currently defined aliases so that I can easily view and manage them.",S,2,A new command 'aliases' is available in the Grunt shell. | The 'aliases' command outputs a list of all currently defined aliases.,,1,PigCompletorAliases.java
20260814T033139Z,PIG-713,full_rag,Enhance the autocompletion feature to support alias completion in the Apache Pig Grunt shell.,3,US-3,"As a developer, I want to use a shortcut to describe the last created alias to reduce typing effort.",S,2,The special name '_' can be used to describe the last created alias. | Using 'DESCRIBE _' outputs the schema of the last created alias.,,1,PigCompletorAliases.java
20260814T033139Z,PIG-713,full_rag_minus_past_tickets,Enhance the autocompletion feature to support alias completion in the Apache Pig Grunt shell.,1,US-1,"As a developer, I want the autocompletion feature to recognize and complete aliases in the Pig Grunt shell, so that I can improve my workflow efficiency.",M,2,Autocompletion suggests aliases when typing in contexts where an alias is expected. | Aliases are retrieved from the PigServer instance and included in the completion candidates.,,2,PigCompletorAliases.java | PigCompletor.java
20260814T033139Z,PIG-713,full_rag_minus_past_tickets,Enhance the autocompletion feature to support alias completion in the Apache Pig Grunt shell.,2,US-2,"As a developer, I want to ensure that alias completion does not interfere with keyword completion, so that the autocompletion remains accurate and useful.",S,2,Keyword completion remains functional and accurate. | Alias completion is context-sensitive and does not appear where only keywords are expected.,US-1,2,PigCompletorAliases.java | PigCompletor.java
20260814T033139Z,PIG-713,full_rag_minus_past_tickets,Enhance the autocompletion feature to support alias completion in the Apache Pig Grunt shell.,3,US-3,"As a developer, I want to handle case sensitivity in alias completion, so that the autocompletion respects the case sensitivity of aliases.",M,2,Alias completion respects the case sensitivity of aliases as defined in the coding conventions. | Tests are added to verify case sensitivity handling in alias completion.,US-1,2,PigCompletorAliases.java | PigCompletor.java
20260814T033139Z,PIG-713,full_rag_minus_design_documents,Enhance the autocompletion feature to include alias completion in the Apache Pig Grunt shell.,1,US-1,"As a developer, I want the autocompletion feature to suggest aliases so that I can quickly complete commands involving aliases.",M,2,Autocompletion suggests aliases when typing commands that expect an alias. | The list of aliases is dynamically updated as new aliases are created or removed.,,1,src/org/apache/pig/tools/grunt/PigCompletorAliases.java
20260814T033139Z,PIG-713,full_rag_minus_design_documents,Enhance the autocompletion feature to include alias completion in the Apache Pig Grunt shell.,2,US-2,"As a developer, I want a command to list all defined aliases so that I can easily track them during interactive sessions.",S,2,A new command 'aliases' is available in the Grunt shell. | The 'aliases' command outputs a list of all currently defined aliases.,,1,src/org/apache/pig/tools/grunt/GruntParser.java
20260814T033139Z,PIG-713,full_rag_minus_design_documents,Enhance the autocompletion feature to include alias completion in the Apache Pig Grunt shell.,3,US-3,"As a developer, I want the autocompletion feature to prioritize recently used aliases so that frequently used aliases appear first in suggestions.",L,2,Recently used aliases appear at the top of the autocompletion suggestions. | The order of alias suggestions updates based on usage frequency.,US-1,1,src/org/apache/pig/tools/grunt/PigCompletorAliases.java
20260814T033139Z,PIG-713,full_rag_minus_coding_conventions,Enhance the autocompletion feature to support alias completion in the Apache Pig Grunt shell.,1,US-1,"As a developer, I want the autocompletion feature to suggest aliases so that I can quickly complete commands involving aliases.",M,2,Autocompletion suggests aliases when typing commands that expect an alias. | The list of suggested aliases is up-to-date with the current session's defined aliases.,,2,PigCompletorAliases.java | PigCompletor.java
20260814T033139Z,PIG-713,full_rag_minus_coding_conventions,Enhance the autocompletion feature to support alias completion in the Apache Pig Grunt shell.,2,US-2,"As a developer, I want the autocompletion feature to update its suggestions when new aliases are created or existing ones are modified.",M,2,Autocompletion updates its suggestions immediately after a new alias is created. | Autocompletion updates its suggestions immediately after an alias is modified.,US-1,1,PigCompletorAliases.java
20260814T033139Z,PIG-713,full_rag_minus_coding_conventions,Enhance the autocompletion feature to support alias completion in the Apache Pig Grunt shell.,3,US-3,"As a developer, I want the autocompletion feature to handle case sensitivity correctly when suggesting aliases.",S,2,Autocompletion respects the case sensitivity of alias names when suggesting completions. | Suggestions include aliases that match the case of the input.,US-1,1,PigCompletorAliases.java
20260814T033139Z,PIG-713,full_rag_minus_codebase_summaries,Enhance autocompletion to include alias suggestions in interactive mode.,1,US-1,"As a user, I want autocompletion to suggest aliases so that I can quickly reference them without remembering exact names.",L,2,Autocompletion suggests aliases when typing in contexts where an alias is expected. | The list of suggested aliases updates dynamically as new aliases are created or removed.,,2,src/autocomplete/AutocompleteEngine.java | src/interactive/InteractiveMode.java
20260814T033139Z,PIG-713,full_rag_minus_codebase_summaries,Enhance autocompletion to include alias suggestions in interactive mode.,2,US-2,"As a user, I want to view a list of all current aliases in interactive mode to manage them effectively.",M,2,A new command 'aliases' is available in interactive mode. | The 'aliases' command lists all currently defined aliases.,,2,src/interactive/InteractiveMode.java | src/commands/AliasCommand.java
20260814T033139Z,PIG-713,full_rag_minus_codebase_summaries,Enhance autocompletion to include alias suggestions in interactive mode.,3,US-3,"As a user, I want a shortcut to describe the last created alias to reduce typing effort.",S,2,The special name '_' can be used to describe the last created alias. | Typing 'DESCRIBE _' shows the schema of the last created alias.,,1,src/commands/DescribeCommand.java
20260814T033139Z,PIG-732,vanilla,Develop utility UDFs for TopN and SearchQuery functionalities with corresponding test cases.,1,US-1,"As a developer, I want to implement the TopN UDF to retain the top N tuples based on a specified field, so that I can efficiently process large datasets.",M,3,"The UDF should accept a number N, a field number, and a bag of tuples. | The output should be a bag containing the top N tuples based on the specified field. | The UDF should handle both sorted and unsorted input bags.",,2,src/udfs/TopN.java | test/udfs/TopNTest.java
20260814T033139Z,PIG-732,vanilla,Develop utility UDFs for TopN and SearchQuery functionalities with corresponding test cases.,2,US-2,"As a developer, I want to implement the SearchQuery UDF to extract and normalize search queries from encoded URLs, so that I can analyze search engine data.",M,3,"The UDF should accept an encoded URL from Yahoo, Google, AOL, or Live. | The output should be the extracted and normalized search query. | The UDF should correctly handle URLs from all specified search engines.",,2,src/udfs/SearchQuery.java | test/udfs/SearchQueryTest.java
20260814T033139Z,PIG-732,vanilla,Develop utility UDFs for TopN and SearchQuery functionalities with corresponding test cases.,3,US-3,"As a developer, I want to create test cases for the TopN UDF to ensure its correctness and reliability.",S,3,Test cases should cover scenarios with sorted and unsorted input bags. | Test cases should verify the correct number of tuples are returned. | Edge cases such as N greater than the number of tuples should be tested.,US-1,1,test/udfs/TopNTest.java
20260814T033139Z,PIG-732,vanilla,Develop utility UDFs for TopN and SearchQuery functionalities with corresponding test cases.,4,US-4,"As a developer, I want to create test cases for the SearchQuery UDF to ensure its correctness and reliability.",S,3,Test cases should cover URLs from all four specified search engines. | Test cases should verify the correct extraction and normalization of search queries. | Edge cases such as malformed URLs should be tested.,US-2,1,test/udfs/SearchQueryTest.java
20260814T033139Z,PIG-732,full_rag,"Develop two utility UDFs: TopN and SearchQuery, along with their test cases.",1,US-1,"As a data engineer, I want to create a TopN UDF that retains the top N tuples based on a specified field, so that I can efficiently process large datasets and extract the most relevant data.",M,4,"The UDF should accept three parameters: number of tuples (N), field number for comparison, and a bag of tuples. | The UDF should return a bag containing the top N tuples based on the specified field. | The UDF should handle both sorted and unsorted input bags. | Unit tests should cover cases with sorted and unsorted bags, and edge cases like empty bags.",,2,src/org/apache/pig/builtin/TopN.java | test/org/apache/pig/builtin/TestTopN.java
20260814T033139Z,PIG-732,full_rag,"Develop two utility UDFs: TopN and SearchQuery, along with their test cases.",2,US-2,"As a data engineer, I want to create a SearchQuery UDF that extracts and normalizes search queries from encoded URLs, so that I can analyze search patterns from different search engines.",M,4,"The UDF should accept an encoded URL from Yahoo, Google, AOL, or Live. | The UDF should correctly extract and normalize the search query from the URL. | The UDF should handle URLs from all specified search engines. | Unit tests should cover URLs from each search engine and edge cases like malformed URLs.",,2,src/org/apache/pig/builtin/SearchQuery.java | test/org/apache/pig/builtin/TestSearchQuery.java
20260814T033139Z,PIG-732,full_rag_minus_past_tickets,"Develop two utility UDFs: TopN and SearchQuery, along with their test cases.",1,US-1,"As a data analyst, I want to use the TopN UDF to extract the top N tuples based on a specified field, so that I can efficiently analyze the most relevant data.",M,3,"Given a bag of tuples, when the TopN UDF is applied with a specified field and N, then it should return a bag containing the top N tuples based on the field. | The UDF should handle both sorted and unsorted input bags. | The UDF should be tested with various data types and edge cases, such as empty bags and N greater than the number of tuples.",,2,UDFs/TopN.java | tests/UDFs/TopNTest.java
20260814T033139Z,PIG-732,full_rag_minus_past_tickets,"Develop two utility UDFs: TopN and SearchQuery, along with their test cases.",2,US-2,"As a data engineer, I want to use the SearchQuery UDF to extract and normalize search queries from encoded URLs, so that I can process search data from multiple search engines.",L,3,"Given an encoded URL from Yahoo, Google, AOL, or Live, when the SearchQuery UDF is applied, then it should extract and normalize the search query. | The UDF should correctly handle different URL encodings and query parameter formats. | The UDF should be tested with URLs from all supported search engines and edge cases, such as malformed URLs.",,2,UDFs/SearchQuery.java | tests/UDFs/SearchQueryTest.java
20260814T033139Z,PIG-732,full_rag_minus_design_documents,"Develop utility UDFs for processing data in Apache Pig, including TopN and SearchQuery functions.",1,US-1,"As a data engineer, I want to create a TopN UDF that retains the top N tuples based on a specified field, so that I can efficiently process large datasets and extract the most relevant data.",M,4,"The TopN UDF should accept parameters for the number of tuples (N), the field number for comparison, and a bag of tuples. | The UDF should return a bag containing the top N tuples based on the specified field. | The UDF should handle both sorted and unsorted input bags. | Unit tests should cover cases with different N values, field numbers, and input bag configurations.",,2,src/org/apache/pig/builtin/TopN.java | test/org/apache/pig/builtin/TestTopN.java
20260814T033139Z,PIG-732,full_rag_minus_design_documents,"Develop utility UDFs for processing data in Apache Pig, including TopN and SearchQuery functions.",2,US-2,"As a data engineer, I want to create a SearchQuery UDF that extracts and normalizes search queries from encoded URLs, so that I can analyze search engine data effectively.",M,4,"The SearchQuery UDF should accept an encoded URL from Yahoo, Google, AOL, or Live. | The UDF should correctly extract and normalize the search query from the URL. | The UDF should handle URLs from all four specified search engines. | Unit tests should verify the extraction and normalization process for each supported search engine.",,2,src/org/apache/pig/builtin/SearchQuery.java | test/org/apache/pig/builtin/TestSearchQuery.java
20260814T033139Z,PIG-732,full_rag_minus_coding_conventions,Develop and test two utility UDFs: TopN and SearchQuery.,1,US-1,"As a data engineer, I want to create a TopN UDF that retains the top N tuples based on a specified field, so that I can efficiently process large datasets and extract the most relevant data.",M,4,"The UDF should accept parameters for the number of tuples (N), the field number for comparison, and a bag of tuples. | The UDF should return a bag containing the top N tuples based on the specified field. | The UDF should handle both sorted and unsorted input bags. | Unit tests should cover cases with null input bags, empty bags, and various N values.",,2,src/udfs/TopN.java | test/udfs/TopNTest.java
20260814T033139Z,PIG-732,full_rag_minus_coding_conventions,Develop and test two utility UDFs: TopN and SearchQuery.,2,US-2,"As a data engineer, I want to create a SearchQuery UDF that extracts and normalizes search queries from encoded URLs, so that I can analyze search engine data effectively.",M,4,"The UDF should accept an encoded URL from Yahoo, Google, AOL, or Live. | The UDF should extract the search query from the URL. | The UDF should normalize the extracted search query. | Unit tests should cover URLs from all supported search engines and edge cases like malformed URLs.",,2,src/udfs/SearchQuery.java | test/udfs/SearchQueryTest.java
20260814T033139Z,PIG-732,full_rag_minus_codebase_summaries,Develop utility UDFs for data processing in Apache Pig.,1,US-1,"As a data engineer, I want to create a TopN UDF that retains the top N tuples based on a specified field, so that I can efficiently process large datasets and extract the most relevant data.",M,4,"The UDF should accept three parameters: number of tuples (N), field number for comparison, and a bag of tuples. | The UDF should return a bag containing the top N tuples based on the specified field. | The UDF should handle both sorted and unsorted input bags. | Unit tests should cover cases with sorted, unsorted, and null input bags.",,2,src/org/apache/pig/piggybank/udf/TopN.java | test/org/apache/pig/piggybank/udf/TestTopN.java
20260814T033139Z,PIG-732,full_rag_minus_codebase_summaries,Develop utility UDFs for data processing in Apache Pig.,2,US-2,"As a data engineer, I want to create a SearchQuery UDF that extracts and normalizes search queries from encoded URLs, so that I can analyze search patterns across different search engines.",M,4,"The UDF should accept an encoded URL from Yahoo, Google, AOL, or Live. | The UDF should extract the search query from the URL. | The UDF should normalize the extracted search query. | Unit tests should cover URLs from all supported search engines and edge cases like malformed URLs.",,2,src/org/apache/pig/piggybank/udf/SearchQuery.java | test/org/apache/pig/piggybank/udf/TestSearchQuery.java
20260814T033139Z,PIG-741,vanilla,Enable the use of LIMIT statement within nested FOREACH blocks in Pig scripts to compute top N results in each group.,1,US-1,"As a developer, I want to modify the Pig parser to recognize the LIMIT statement within nested FOREACH blocks so that it can be used to limit results in grouped data.",L,2,The Pig parser correctly identifies and processes the LIMIT statement within nested FOREACH blocks. | No syntax errors occur when using LIMIT in nested FOREACH blocks.,,1,src/org/apache/pig/parser/PigParser.java
20260814T033139Z,PIG-741,vanilla,Enable the use of LIMIT statement within nested FOREACH blocks in Pig scripts to compute top N results in each group.,2,US-2,"As a developer, I want to update the logical plan generator to handle LIMIT within nested FOREACH blocks so that it can be executed correctly.",M,2,The logical plan includes LIMIT operations when used within nested FOREACH blocks. | The logical plan is correctly executed without errors.,US-1,1,src/org/apache/pig/newplan/logical/relational/LogicalPlanGenerator.java
20260814T033139Z,PIG-741,vanilla,Enable the use of LIMIT statement within nested FOREACH blocks in Pig scripts to compute top N results in each group.,3,US-3,"As a developer, I want to ensure that the physical plan supports LIMIT within nested FOREACH blocks so that the execution engine can process it.",M,2,The physical plan correctly incorporates LIMIT operations within nested FOREACH blocks. | Execution results are consistent with expected output when using LIMIT in nested FOREACH blocks.,US-2,1,src/org/apache/pig/backend/hadoop/executionengine/physicalLayer/PhysicalPlan.java
20260814T033139Z,PIG-741,vanilla,Enable the use of LIMIT statement within nested FOREACH blocks in Pig scripts to compute top N results in each group.,4,US-4,"As a developer, I want to write unit tests to verify the correct behavior of LIMIT within nested FOREACH blocks so that the feature is reliable.",S,2,Unit tests cover various scenarios of using LIMIT within nested FOREACH blocks. | All tests pass successfully without errors.,US-1 | US-2 | US-3,1,test/org/apache/pig/test/TestLimitInNestedForeach.java
20260814T033139Z,PIG-741,full_rag,Enhance Apache Pig to support LIMIT within nested FOREACH statements for efficient top-n computations.,1,US-1,"As a developer, I want to extend the NestedLimitOptimizer to support LIMIT within nested FOREACH so that I can compute top-n results efficiently.",L,3,LIMIT can be used within a nested FOREACH block. | The optimizer correctly pushes the LIMIT operation into the ORDER BY operation. | The transformation does not degrade performance for existing use cases.,,1,src/org/apache/pig/newplan/logical/optimizer/NestedLimitOptimizer.java
20260814T033139Z,PIG-741,full_rag,Enhance Apache Pig to support LIMIT within nested FOREACH statements for efficient top-n computations.,2,US-2,"As a developer, I want to modify the TOP class to ensure compatibility with the new nested LIMIT functionality.",M,2,TOP class can handle nested LIMIT operations without errors. | Existing functionality of TOP class remains unchanged.,US-1,1,src/org/apache/pig/builtin/TOP.java
20260814T033139Z,PIG-741,full_rag,Enhance Apache Pig to support LIMIT within nested FOREACH statements for efficient top-n computations.,3,US-3,"As a QA engineer, I want to create test cases to verify the correct behavior of LIMIT within nested FOREACH statements.",M,3,Test cases cover various scenarios including edge cases. | All tests pass successfully with the new implementation. | Performance benchmarks show no significant degradation.,US-1 | US-2,1,test/org/apache/pig/test/TestNestedLimit.java
20260814T033139Z,PIG-741,full_rag_minus_past_tickets,Enhance Apache Pig to support LIMIT within nested FOREACH statements for computing top results in each group.,1,US-1,"As a developer, I want to extend the Pig Latin syntax to support the LIMIT statement within nested FOREACH blocks so that I can compute top results in each group without using a UDF.",L,3,The LIMIT statement can be used within a nested FOREACH block. | The syntax is validated and does not cause syntax errors. | The LIMIT statement correctly limits the number of results within each group.,,2,src/org/apache/pig/newplan/logical/relational/LOForEach.java | src/org/apache/pig/newplan/logical/optimizer/NestedLimitOptimizer.java
20260814T033139Z,PIG-741,full_rag_minus_past_tickets,Enhance Apache Pig to support LIMIT within nested FOREACH statements for computing top results in each group.,2,US-2,"As a developer, I want to modify the NestedLimitOptimizer to handle LIMIT operations within nested FOREACH blocks so that the optimization is applied correctly.",M,3,The NestedLimitOptimizer recognizes LIMIT operations within nested FOREACH blocks. | The optimizer pushes the LIMIT operation appropriately within the logical plan. | Performance improvements are observed when using LIMIT in nested FOREACH blocks.,US-1,1,src/org/apache/pig/newplan/logical/optimizer/NestedLimitOptimizer.java
20260814T033139Z,PIG-741,full_rag_minus_past_tickets,Enhance Apache Pig to support LIMIT within nested FOREACH statements for computing top results in each group.,3,US-3,"As a developer, I want to update the TOP UDF to ensure compatibility with the new LIMIT functionality in nested FOREACH blocks so that existing UDFs continue to work seamlessly.",S,3,The TOP UDF is tested with the new LIMIT functionality. | No regressions occur in existing functionality of the TOP UDF. | Documentation is updated to reflect any changes in usage.,US-1,1,src/org/apache/pig/builtin/TOP.java
20260814T033139Z,PIG-741,full_rag_minus_design_documents,Enhance Apache Pig to support LIMIT in nested FOREACH statements for efficient top-n computation within groups.,1,US-1,"As a developer, I want to extend the NestedLimitOptimizer to support LIMIT in nested FOREACH so that users can compute top-n results efficiently.",L,3,LIMIT can be used within a nested FOREACH block. | The logical plan is optimized to handle nested LIMIT operations efficiently. | Existing tests for NestedLimitOptimizer pass without modification.,,1,src/org/apache/pig/newplan/logical/optimizer/NestedLimitOptimizer.java
20260814T033139Z,PIG-741,full_rag_minus_design_documents,Enhance Apache Pig to support LIMIT in nested FOREACH statements for efficient top-n computation within groups.,2,US-2,"As a developer, I want to modify the TOP UDF to ensure compatibility with the new nested LIMIT functionality.",M,2,TOP UDF can be used interchangeably with the new nested LIMIT functionality. | Performance benchmarks show no significant degradation when using nested LIMIT compared to TOP UDF.,US-1,1,src/org/apache/pig/builtin/TOP.java
20260814T033139Z,PIG-741,full_rag_minus_design_documents,Enhance Apache Pig to support LIMIT in nested FOREACH statements for efficient top-n computation within groups.,3,US-3,"As a QA engineer, I want to create test cases to verify the correct behavior of LIMIT in nested FOREACH statements.",M,3,Test cases cover various scenarios including different data types and group sizes. | Tests validate that the top-n results are correctly computed and returned. | Tests ensure that performance is within acceptable limits.,US-1 | US-2,1,test/org/apache/pig/test/TestNestedLimit.java
20260814T033139Z,PIG-741,full_rag_minus_coding_conventions,Enhance the Apache Pig language to support the LIMIT operator within nested FOREACH statements to compute top N results efficiently.,1,US-1,"As a data engineer, I want to use the LIMIT operator within a nested FOREACH statement to compute the top N results in each group, so that I can write more intuitive and efficient Pig scripts.",L,3,The LIMIT operator can be used within a nested FOREACH statement. | The script computes the top N results for each group without requiring a UDF. | The output matches the expected top N results for each group.,,2,src/org/apache/pig/newplan/logical/relational/LOForEach.java | src/org/apache/pig/impl/plan/optimizer/LimitOptimizer.java
20260814T033139Z,PIG-741,full_rag_minus_coding_conventions,Enhance the Apache Pig language to support the LIMIT operator within nested FOREACH statements to compute top N results efficiently.,2,US-2,"As a developer, I want to optimize the performance of the LIMIT operator within nested FOREACH statements by integrating it with the existing NestedLimitOptimizer, so that the operation is efficient in terms of space and time.",M,3,The LIMIT operator within nested FOREACH uses a priority queue for efficient space management. | The NestedLimitOptimizer is extended to handle nested FOREACH scenarios. | Performance benchmarks show improved efficiency compared to using a UDF.,US-1,2,src/org/apache/pig/impl/plan/optimizer/NestedLimitOptimizer.java | src/org/apache/pig/impl/logicalLayer/optimizer/LogicalPlanOptimizer.java
20260814T033139Z,PIG-741,full_rag_minus_coding_conventions,Enhance the Apache Pig language to support the LIMIT operator within nested FOREACH statements to compute top N results efficiently.,3,US-3,"As a QA engineer, I want to create test cases to verify the correct functionality of the LIMIT operator within nested FOREACH statements, ensuring that it behaves as expected in various scenarios.",S,3,"Test cases cover scenarios with different data sizes and group counts. | Edge cases such as empty groups and groups smaller than N are tested. | All tests pass successfully, confirming the correct implementation.",US-1 | US-2,1,test/org/apache/pig/test/TestLimitInNestedForeach.java
20260814T033139Z,PIG-741,full_rag_minus_codebase_summaries,Enhance Pig Latin to support LIMIT within nested FOREACH statements for computing top N results in each group.,1,US-1,"As a data engineer, I want to use the LIMIT operator within a nested FOREACH statement to efficiently compute the top N results in each group.",L,3,LIMIT operator can be used within a nested FOREACH block. | The top N results are correctly computed and returned for each group. | Performance is optimized by integrating LIMIT with ORDER BY.,,2,src/org/apache/pig/newplan/logical/relational/LOForEach.java | src/org/apache/pig/newplan/logical/relational/LOLimit.java
20260814T033139Z,PIG-741,full_rag_minus_codebase_summaries,Enhance Pig Latin to support LIMIT within nested FOREACH statements for computing top N results in each group.,2,US-2,"As a developer, I want to ensure that the LIMIT operator is pushed into the ORDER BY operation within nested FOREACH to optimize performance.",M,3,LIMIT is pushed into ORDER BY when both are present in a nested FOREACH. | The system uses a priority queue to manage elements efficiently. | Test cases cover scenarios with and without LIMIT in nested FOREACH.,US-1,2,src/org/apache/pig/impl/plan/optimizer/LimitOptimizer.java | src/org/apache/pig/impl/plan/optimizer/OrderByOptimizer.java
20260814T033139Z,PIG-741,full_rag_minus_codebase_summaries,Enhance Pig Latin to support LIMIT within nested FOREACH statements for computing top N results in each group.,3,US-3,"As a QA engineer, I want to validate the functionality of LIMIT within nested FOREACH through comprehensive testing.",M,3,"Unit tests cover the use of LIMIT in nested FOREACH. | Integration tests validate the performance improvements. | Edge cases, such as empty groups and large datasets, are tested.",US-1 | US-2,1,test/org/apache/pig/test/TestLimitInNestedForeach.java
20260814T033139Z,PIG-745,vanilla,Implement a DataTypes.toString() conversion function to facilitate consistent string conversion across various data types.,1,US-1,"As a developer, I want to implement a DataTypes.toString() function to convert various data types to a string, so that string manipulation functions can handle inputs consistently.",M,6,"The function should convert BOOLEAN to '1' or '0'. | The function should convert BYTE, INTEGER, LONG, FLOAT, and DOUBLE to their string representations. | The function should convert BYTEARRAY to its string representation. | The function should return the CHARARRAY as is. | The function should return null for NULL type. | The function should throw an ExecException for unsupported types like MAP, TUPLE, BAG, and UNKNOWN.",,1,src/main/java/org/apache/pig/data/DataTypes.java
20260814T033139Z,PIG-745,vanilla,Implement a DataTypes.toString() conversion function to facilitate consistent string conversion across various data types.,2,US-2,"As a developer, I want to handle exceptions in the DataTypes.toString() function to ensure robust error reporting.",S,2,The function should throw an ExecException with a specific error code and message for unsupported types. | The function should catch general exceptions and throw an ExecException with a bug-related error code and message.,US-1,1,src/main/java/org/apache/pig/data/DataTypes.java
20260814T033139Z,PIG-745,vanilla,Implement a DataTypes.toString() conversion function to facilitate consistent string conversion across various data types.,3,US-3,"As a developer, I want to write unit tests for the DataTypes.toString() function to verify its correctness.",M,3,Unit tests should cover all supported data types and verify correct string conversion. | Unit tests should verify that unsupported types throw the correct ExecException. | Unit tests should verify that general exceptions are handled and reported correctly.,US-1 | US-2,1,src/test/java/org/apache/pig/data/DataTypesTest.java
20260814T033139Z,PIG-745,full_rag,Implement a DataTypes.toString() conversion function to facilitate consistent string manipulation across various data types in Apache Pig.,1,US-1,"As a developer, I want to implement a DataTypes.toString() function so that I can convert any data type to a string consistently.",M,4,"The function should handle BOOLEAN, BYTE, INTEGER, LONG, FLOAT, DOUBLE, BYTEARRAY, and CHARARRAY types. | The function should return '1' for true and '0' for false for BOOLEAN types. | The function should throw an ExecException for unsupported types like MAP, TUPLE, BAG, and UNKNOWN. | The function should log appropriate warnings for conversion failures.",,1,DataType.java
20260814T033139Z,PIG-745,full_rag,Implement a DataTypes.toString() conversion function to facilitate consistent string manipulation across various data types in Apache Pig.,2,US-2,"As a developer, I want to ensure that the DataTypes.toString() function integrates with existing UDFs to enhance their string manipulation capabilities.",L,3,The function should be callable from existing UDFs without requiring changes to their interfaces. | The function should improve the robustness of UDFs like TOLOWERCASE by handling various input types seamlessly. | Unit tests should cover all supported data types and edge cases.,US-1,2,DataType.java | UDFs.java
20260814T033139Z,PIG-745,full_rag,Implement a DataTypes.toString() conversion function to facilitate consistent string manipulation across various data types in Apache Pig.,3,US-3,"As a developer, I want to update the documentation to reflect the new DataTypes.toString() function so that users understand its usage and limitations.",S,3,Documentation should include examples of converting different data types to strings. | Limitations and exceptions should be clearly documented. | The documentation should be reviewed and approved by a technical writer.,US-1,1,docs/DataTypeConversion.md
20260814T033139Z,PIG-745,full_rag_minus_past_tickets,Implement a DataTypes.toString() conversion function to facilitate consistent string manipulation across various data types in UDFs.,1,US-1,"As a developer, I want to implement a static method DataTypes.toString() to convert various data types to a string representation, so that UDFs can handle arguments uniformly as strings.",M,4,"DataTypes.toString() should convert BOOLEAN, BYTE, INTEGER, LONG, FLOAT, DOUBLE, BYTEARRAY, and CHARARRAY to their string representations. | DataTypes.toString() should return null for NULL type. | DataTypes.toString() should throw an ExecException for MAP, TUPLE, BAG, and UNKNOWN types. | DataTypes.toString() should handle exceptions and log appropriate error messages.",,1,DataType.java
20260814T033139Z,PIG-745,full_rag_minus_past_tickets,Implement a DataTypes.toString() conversion function to facilitate consistent string manipulation across various data types in UDFs.,2,US-2,"As a developer, I want to ensure that the new DataTypes.toString() method adheres to existing coding conventions, so that the codebase remains consistent and maintainable.",S,3,The method should follow naming conventions as per the checkstyle configuration. | The method should adhere to indentation and other miscellaneous style checks. | The method should include appropriate comments and documentation.,US-1,1,DataType.java
20260814T033139Z,PIG-745,full_rag_minus_past_tickets,Implement a DataTypes.toString() conversion function to facilitate consistent string manipulation across various data types in UDFs.,3,US-3,"As a developer, I want to write unit tests for the DataTypes.toString() method to ensure it functions correctly across all supported data types.",M,3,"Unit tests should cover all data types: BOOLEAN, BYTE, INTEGER, LONG, FLOAT, DOUBLE, BYTEARRAY, CHARARRAY, and NULL. | Tests should verify that an ExecException is thrown for unsupported types: MAP, TUPLE, BAG, and UNKNOWN. | Tests should validate that the method handles exceptions and logs errors correctly.",US-1,1,DataTypeTest.java
20260814T033139Z,PIG-745,full_rag_minus_design_documents,Implement a DataTypes.toString() conversion function to facilitate consistent string manipulation across various data types in Apache Pig.,1,US-1,"As a developer, I want to implement a DataTypes.toString() function so that I can convert various data types to a string consistently.",M,4,"The function should convert BOOLEAN, BYTE, INTEGER, LONG, FLOAT, DOUBLE, BYTEARRAY, and CHARARRAY to their string representations. | The function should return null for NULL type. | The function should throw an ExecException for MAP, TUPLE, BAG, and UNKNOWN types. | The function should handle exceptions and log appropriate error messages.",,1,DataType.java
20260814T033139Z,PIG-745,full_rag_minus_design_documents,Implement a DataTypes.toString() conversion function to facilitate consistent string manipulation across various data types in Apache Pig.,2,US-2,"As a developer, I want to ensure that the DataTypes.toString() function adheres to existing coding conventions so that the codebase remains consistent and maintainable.",S,3,The function should follow naming conventions as per the coding standards. | The function should adhere to indentation and other miscellaneous checks. | The function should include appropriate comments and documentation.,US-1,1,DataType.java
20260814T033139Z,PIG-745,full_rag_minus_design_documents,Implement a DataTypes.toString() conversion function to facilitate consistent string manipulation across various data types in Apache Pig.,3,US-3,"As a developer, I want to write unit tests for the DataTypes.toString() function to ensure it works correctly for all supported data types.",M,3,"Unit tests should cover all data types: BOOLEAN, BYTE, INTEGER, LONG, FLOAT, DOUBLE, BYTEARRAY, CHARARRAY, and NULL. | Tests should verify that an ExecException is thrown for unsupported types like MAP, TUPLE, BAG, and UNKNOWN. | Tests should validate that the function handles exceptions gracefully.",US-1,1,DataTypeTest.java
20260814T033139Z,PIG-745,full_rag_minus_coding_conventions,Implement a DataTypes.toString() conversion function to facilitate consistent string manipulation across various data types in Apache Pig.,1,US-1,"As a developer, I want to implement a DataTypes.toString() function so that I can convert various data types to a string consistently.",M,4,"The function should handle BOOLEAN, BYTE, INTEGER, LONG, FLOAT, DOUBLE, BYTEARRAY, and CHARARRAY types. | The function should return '1' for true and '0' for false BOOLEAN values. | The function should throw an ExecException for unsupported types like MAP, TUPLE, BAG, and UNKNOWN. | The function should return null for NULL type.",,1,DataType.java
20260814T033139Z,PIG-745,full_rag_minus_coding_conventions,Implement a DataTypes.toString() conversion function to facilitate consistent string manipulation across various data types in Apache Pig.,2,US-2,"As a developer, I want to ensure that the DataTypes.toString() function logs appropriate warnings when conversions fail.",S,2,The function should use LogUtils and PigWarning to log warnings for conversion failures. | The function should handle NumberFormatException and log a warning message.,US-1,1,DataType.java
20260814T033139Z,PIG-745,full_rag_minus_coding_conventions,Implement a DataTypes.toString() conversion function to facilitate consistent string manipulation across various data types in Apache Pig.,3,US-3,"As a developer, I want to refactor existing UDFs to utilize the new DataTypes.toString() function for string conversions.",L,2,Existing UDFs should be updated to use DataTypes.toString() for converting arguments to strings. | Ensure that the refactored UDFs pass all existing unit tests.,US-1,2,DataType.java | UDFs related files
20260814T033139Z,PIG-745,full_rag_minus_codebase_summaries,Implement a DataTypes.toString() conversion function to facilitate consistent string manipulation across various data types in UDFs.,1,US-1,"As a developer, I want to implement a DataTypes.toString() function that converts various data types to a string, so that string manipulation UDFs can handle different input types consistently.",M,4,"The function should convert BOOLEAN, BYTE, INTEGER, LONG, FLOAT, DOUBLE, BYTEARRAY, and CHARARRAY to their string representations. | The function should return null for NULL type. | The function should throw an ExecException for unsupported types like MAP, TUPLE, BAG, and UNKNOWN. | The function should handle exceptions and provide meaningful error messages.",,1,src/org/apache/pig/data/DataTypes.java
20260814T033139Z,PIG-745,full_rag_minus_codebase_summaries,Implement a DataTypes.toString() conversion function to facilitate consistent string manipulation across various data types in UDFs.,2,US-2,"As a developer, I want to update existing UDFs to utilize the new DataTypes.toString() function, so that they can handle different input types without additional type checking.",S,3,Update TOLOWERCASE UDF to use DataTypes.toString() for input conversion. | Ensure that the updated UDFs pass all existing unit tests. | Add new unit tests to cover scenarios with different input types.,US-1,1,src/org/apache/pig/builtin/TOLOWERCASE.java
20260814T033139Z,PIG-745,full_rag_minus_codebase_summaries,Implement a DataTypes.toString() conversion function to facilitate consistent string manipulation across various data types in UDFs.,3,US-3,"As a developer, I want to ensure that the new DataTypes.toString() function adheres to the project's coding conventions, so that the codebase remains consistent and maintainable.",S,3,The function should follow naming conventions as per the project's checkstyle configuration. | The function should adhere to indentation and other miscellaneous coding standards. | Run checkstyle and ensure no new warnings or errors are introduced.,US-1,1,src/org/apache/pig/data/DataTypes.java
20260814T033139Z,PIG-753,vanilla,Enable support for User Defined Functions (UDFs) without parameters in Pig.,1,US-1,"As a developer, I want to modify the Pig parser to allow UDFs without parameters so that users can execute functions that do not require input.",L,2,The Pig parser should not throw an error when a UDF is called without parameters. | Existing functionality for UDFs with parameters should remain unaffected.,,2,src/org/apache/pig/parser/QueryParser.java | src/org/apache/pig/parser/QueryLexer.java
20260814T033139Z,PIG-753,vanilla,Enable support for User Defined Functions (UDFs) without parameters in Pig.,2,US-2,"As a developer, I want to update the UDF execution engine to handle UDFs without parameters so that they can be executed correctly.",M,2,The execution engine should correctly invoke UDFs that do not require parameters. | Ensure that UDFs with parameters continue to function as expected.,US-1,1,src/org/apache/pig/backend/hadoop/executionengine/physicalLayer/relationalOperators/POUserFunc.java
20260814T033139Z,PIG-753,vanilla,Enable support for User Defined Functions (UDFs) without parameters in Pig.,3,US-3,"As a developer, I want to write unit tests for UDFs without parameters to ensure they are parsed and executed correctly.",S,2,Unit tests should cover scenarios where UDFs are called without parameters. | Tests should verify that no errors are thrown and the correct results are produced.,US-1 | US-2,1,test/org/apache/pig/test/TestUDFs.java
20260814T033139Z,PIG-753,full_rag,Enhance Apache Pig to support User Defined Functions (UDFs) without requiring parameters.,1,US-1,"As a developer, I want to modify the Pig framework to allow UDFs to be executed without parameters so that I can use functions that do not require input arguments.",L,3,UDFs can be executed without parameters in Pig scripts. | Existing UDFs with parameters continue to function as expected. | No errors are thrown when executing a UDF without parameters.,,2,HiveUDF.java | HiveUDFBase.java
20260814T033139Z,PIG-753,full_rag,Enhance Apache Pig to support User Defined Functions (UDFs) without requiring parameters.,2,US-2,"As a developer, I want to update the error handling in Pig to correctly process UDFs without parameters so that users receive appropriate feedback.",M,2,Error messages are clear and informative when a UDF without parameters fails. | No false errors are reported for valid UDFs without parameters.,US-1,1,HiveUDF.java
20260814T033139Z,PIG-753,full_rag,Enhance Apache Pig to support User Defined Functions (UDFs) without requiring parameters.,3,US-3,"As a developer, I want to create test cases for UDFs without parameters to ensure they work correctly in the Pig framework.",M,3,Test cases cover scenarios where UDFs are used without parameters. | All test cases pass successfully. | Test cases are integrated into the existing test suite.,US-1,1,test/HiveUDFTest.java
20260814T033139Z,PIG-753,full_rag_minus_past_tickets,Enhance Apache Pig to support User Defined Functions (UDFs) without requiring parameters.,1,US-1,"As a developer, I want to modify the Pig script parser to allow UDFs without parameters so that I can use functions like bagGenerator() without errors.",M,2,The Pig script parser should not throw an error when a UDF is called without parameters. | Existing functionality with parameterized UDFs should remain unaffected.,,2,script1.pig | script2.pig
20260814T033139Z,PIG-753,full_rag_minus_past_tickets,Enhance Apache Pig to support User Defined Functions (UDFs) without requiring parameters.,2,US-2,"As a developer, I want to update the HiveUDF class to handle UDFs without parameters so that it can execute such functions correctly.",M,2,The HiveUDF class should be able to initialize and execute UDFs without parameters. | Ensure compatibility with existing UDFs that require parameters.,US-1,1,HiveUDF.java
20260814T033139Z,PIG-753,full_rag_minus_past_tickets,Enhance Apache Pig to support User Defined Functions (UDFs) without requiring parameters.,3,US-3,"As a developer, I want to create test cases for UDFs without parameters to ensure they work as expected in the Pig environment.",S,2,Test cases should cover scenarios where UDFs are used without parameters. | Tests should pass without errors and validate the correct execution of UDFs.,US-1 | US-2,2,test/script1.pig | test/HiveUDFTest.java
20260814T033139Z,PIG-753,full_rag_minus_design_documents,Enhance Apache Pig to support User Defined Functions (UDFs) without parameters.,1,US-1,"As a Pig developer, I want to modify the UDF handling mechanism to allow UDFs without parameters so that users can execute functions that do not require input arguments.",L,3,UDFs can be defined and executed without parameters in Pig scripts. | Existing UDFs with parameters continue to function without changes. | Documentation is updated to reflect the new capability.,,2,src/org/apache/pig/builtin/HiveUDF.java | src/org/apache/pig/impl/logicalLayer/LogicalPlanBuilder.java
20260814T033139Z,PIG-753,full_rag_minus_design_documents,Enhance Apache Pig to support User Defined Functions (UDFs) without parameters.,2,US-2,"As a Pig user, I want to execute a UDF without parameters in a Pig script so that I can simplify my data processing tasks.",M,3,A Pig script can successfully execute a UDF without parameters. | The script does not throw errors when a UDF without parameters is used. | The output of the UDF is correctly integrated into the data flow.,US-1,1,test/org/apache/pig/test/TestUDFWithoutParameters.java
20260814T033139Z,PIG-753,full_rag_minus_design_documents,Enhance Apache Pig to support User Defined Functions (UDFs) without parameters.,3,US-3,"As a developer, I want to ensure backward compatibility for existing UDFs with parameters so that current users are not affected by the new feature.",M,3,Existing Pig scripts using UDFs with parameters continue to work without modification. | Unit tests for UDFs with parameters pass successfully. | No performance degradation is observed for UDFs with parameters.,US-1,2,src/org/apache/pig/builtin/HiveUDF.java | test/org/apache/pig/test/TestUDFWithParameters.java
20260814T033139Z,PIG-753,full_rag_minus_coding_conventions,Enhance Apache Pig to support User Defined Functions (UDFs) without requiring parameters.,1,US-1,"As a developer, I want to modify the Pig framework to allow UDFs to be executed without parameters so that I can use functions like bagGenerator() without providing unnecessary arguments.",L,3,The Pig script should execute successfully when a UDF is called without parameters. | Existing functionality with parameterized UDFs should remain unaffected. | Unit tests should cover scenarios with and without parameters.,,2,src/org/apache/pig/EvalFunc.java | src/org/apache/pig/impl/logicalLayer/LogicalPlanBuilder.java
20260814T033139Z,PIG-753,full_rag_minus_coding_conventions,Enhance Apache Pig to support User Defined Functions (UDFs) without requiring parameters.,2,US-2,"As a developer, I want to update the HiveUDF class to handle UDFs without parameters so that Hive UDFs can be seamlessly integrated into Pig scripts without requiring arguments.",M,3,HiveUDF should support execution without parameters. | Ensure backward compatibility with existing parameterized Hive UDFs. | Add test cases for Hive UDFs with and without parameters.,US-1,1,src/org/apache/pig/builtin/HiveUDF.java
20260814T033139Z,PIG-753,full_rag_minus_coding_conventions,Enhance Apache Pig to support User Defined Functions (UDFs) without requiring parameters.,3,US-3,"As a developer, I want to create documentation and examples for using UDFs without parameters in Pig scripts so that users can easily understand and implement this feature.",S,3,Documentation should include examples of UDFs with and without parameters. | Update existing documentation to reflect changes in UDF parameter requirements. | Provide example scripts demonstrating the new functionality.,US-1 | US-2,2,docs/udf-guide.md | examples/udf-examples.pig
20260814T033139Z,PIG-753,full_rag_minus_codebase_summaries,Enhance Apache Pig to support User Defined Functions (UDFs) without parameters.,1,US-1,"As a Pig developer, I want to modify the Pig parser to allow UDFs without parameters so that users can write more flexible scripts.",L,2,The Pig parser should not throw an error when a UDF is called without parameters. | Existing functionality with parameterized UDFs should remain unaffected.,,1,src/org/apache/pig/parser/Parser.java
20260814T033139Z,PIG-753,full_rag_minus_codebase_summaries,Enhance Apache Pig to support User Defined Functions (UDFs) without parameters.,2,US-2,"As a Pig developer, I want to update the UDF execution engine to handle UDFs without parameters so that they execute correctly.",M,2,The UDF execution engine should correctly execute UDFs that are called without parameters. | Ensure that UDFs with parameters continue to execute as expected.,US-1,1,src/org/apache/pig/backend/hadoop/executionengine/physicalLayer/relationalOperators/POUserFunc.java
20260814T033139Z,PIG-753,full_rag_minus_codebase_summaries,Enhance Apache Pig to support User Defined Functions (UDFs) without parameters.,3,US-3,"As a Pig developer, I want to update the documentation to reflect the support for parameterless UDFs so that users are aware of this new capability.",S,2,Documentation should include examples of UDFs without parameters. | Ensure that all references to UDFs in the documentation are updated to include parameterless usage.,US-1 | US-2,1,docs/UDF-Guide.md
20260814T033139Z,PIG-781,vanilla,Implement error reporting for failed MapReduce (MR) jobs to inform users about job failures and their impact on data availability at store locations.,1,US-1,"As a user, I want to see a summary of all MR jobs executed, so that I can quickly identify which jobs failed and which succeeded.",M,2,A summary report is generated after all MR jobs have been executed. | The report clearly lists all jobs with their status (success/failure).,,2,src/reports/JobSummaryReport.java | src/jobs/JobExecutor.java
20260814T033139Z,PIG-781,vanilla,Implement error reporting for failed MapReduce (MR) jobs to inform users about job failures and their impact on data availability at store locations.,2,US-2,"As a user, I want to know which store locations are affected by failed MR jobs, so that I can understand the impact on data availability.",M,2,The report includes a section that maps failed jobs to affected store locations. | Store locations with complete data are also listed for clarity.,US-1,2,src/reports/StoreImpactReport.java | src/data/StoreLocationMapper.java
20260814T033139Z,PIG-781,vanilla,Implement error reporting for failed MapReduce (MR) jobs to inform users about job failures and their impact on data availability at store locations.,3,US-3,"As a user, I want detailed error messages for each failed MR job, so that I can troubleshoot and resolve issues.",L,2,Each failed job in the report includes a detailed error message. | Error messages provide sufficient information for troubleshooting.,US-1,2,src/reports/ErrorDetailReport.java | src/logging/ErrorLogger.java
20260814T033139Z,PIG-781,vanilla,Implement error reporting for failed MapReduce (MR) jobs to inform users about job failures and their impact on data availability at store locations.,4,US-4,"As a user, I want the ability to export the error report, so that I can share it with other stakeholders.",M,2,"The report can be exported in multiple formats (e.g., PDF, CSV). | Exported reports maintain the same information and formatting as the on-screen report.",US-1 | US-2 | US-3,2,src/reports/ReportExporter.java | src/ui/ExportButton.java
20260814T033139Z,PIG-781,full_rag,"Implement error reporting for failed MapReduce jobs to inform users about job success and failure, and their impact on data storage.",1,US-1,"As a user, I want to receive a summary report at the end of execution indicating the success or failure of all store commands, so that I can understand the overall job outcome.",M,2,"A summary line is displayed at the end of execution indicating success, partial failure, or failure of all store commands. | Different return codes are provided for different scenarios: 0 for success, 1 for retrievable errors, 2 for complete failure, and 3 for partial failure.",,1,src/main/java/org/apache/pig/tools/pigstats/PigStats.java
20260814T033139Z,PIG-781,full_rag,"Implement error reporting for failed MapReduce jobs to inform users about job success and failure, and their impact on data storage.",2,US-2,"As a user, I want to know which specific jobs failed and which succeeded, so that I can take appropriate actions based on job outcomes.",M,2,Pig logs all successful and failed store commands. | Store commands are identified by output path in the logs.,US-1,1,src/main/java/org/apache/pig/tools/pigstats/PigStatsUtil.java
20260814T033139Z,PIG-781,full_rag,"Implement error reporting for failed MapReduce jobs to inform users about job success and failure, and their impact on data storage.",3,US-3,"As a developer, I want to add aliases to ExecJobs to identify which stored relations they correspond to, so that users can easily map jobs to their outputs.",L,2,ExecJobs have aliases that correspond to stored relations. | Users can identify job outputs based on these aliases.,US-1 | US-2,1,src/main/java/org/apache/pig/backend/hadoop/executionengine/mapReduceLayer/MRCompiler.java
20260814T033139Z,PIG-781,full_rag_minus_past_tickets,Implement enhanced error reporting for failed MapReduce jobs in Pig to inform users about job success and failure statuses.,1,US-1,"As a user, I want to receive a summary line at the end of execution indicating the success or failure of all store commands, so that I can quickly understand the overall outcome.",S,2,"A summary line is displayed at the end of execution. | The summary line indicates success, partial failure, or failure of all store commands.",,1,src/main/java/org/apache/pig/tools/pigstats/PigStats.java
20260814T033139Z,PIG-781,full_rag_minus_past_tickets,Implement enhanced error reporting for failed MapReduce jobs in Pig to inform users about job success and failure statuses.,2,US-2,"As a user, I want Pig to return different exit codes based on the success or failure of jobs, so that I can programmatically determine the execution result.",M,4,Return code 0 if all jobs succeeded. | Return code 1 for retrievable errors. | Return code 2 if all jobs have failed. | Return code 3 if some jobs have failed.,,1,src/main/java/org/apache/pig/tools/pigstats/PigStats.java
20260814T033139Z,PIG-781,full_rag_minus_past_tickets,Implement enhanced error reporting for failed MapReduce jobs in Pig to inform users about job success and failure statuses.,3,US-3,"As a user, I want to see logs of successful and failed store commands, so that I can identify which jobs succeeded or failed.",M,3,Logs include entries for all successful store commands. | Logs include entries for all failed store commands. | Store commands are identified by output path.,,1,src/main/java/org/apache/pig/tools/pigstats/PigStatsUtil.java
20260814T033139Z,PIG-781,full_rag_minus_past_tickets,Implement enhanced error reporting for failed MapReduce jobs in Pig to inform users about job success and failure statuses.,4,US-4,"As a user, I want the system to continue executing jobs even if some fail, so that independent jobs can still succeed.",L,2,Execution does not stop on the first job failure. | Jobs that do not depend on failed jobs continue to execute.,,1,src/main/java/org/apache/pig/backend/hadoop/executionengine/mapReduceLayer/PigMapReduce.java
20260814T033139Z,PIG-781,full_rag_minus_past_tickets,Implement enhanced error reporting for failed MapReduce jobs in Pig to inform users about job success and failure statuses.,5,US-5,"As a user, I want to know which store locations will not have data due to job failures, so that I can manage data availability.",M,2,Report includes store locations without data due to job failures. | Report ties jobs to their respective store locations.,US-3,1,src/main/java/org/apache/pig/tools/pigstats/PigStatsUtil.java
20260814T033139Z,PIG-781,full_rag_minus_design_documents,"Implement error reporting for failed MR jobs to inform users about job success and failure, and their impact on data storage.",1,US-1,"As a user, I want to receive a report of MR job failures so that I can understand which jobs failed and which succeeded.",M,3,The system generates a report listing all MR jobs executed. | The report clearly indicates which jobs failed and which succeeded. | The report is accessible to the user after job execution.,,2,src/main/java/org/apache/pig/tools/pigstats/PigStats.java | src/main/java/org/apache/pig/backend/hadoop/executionengine/mapReduceLayer/MapReduceLauncher.java
20260814T033139Z,PIG-781,full_rag_minus_design_documents,"Implement error reporting for failed MR jobs to inform users about job success and failure, and their impact on data storage.",2,US-2,"As a user, I want to know which store locations will not have data due to job failures so that I can manage data expectations.",L,3,The system ties MR jobs to their corresponding store locations. | The report indicates which store locations are affected by job failures. | Users can easily identify store locations with missing data.,US-1,2,src/main/java/org/apache/pig/tools/pigstats/PigStatsUtil.java | src/main/java/org/apache/pig/backend/hadoop/executionengine/mapReduceLayer/JobControlCompiler.java
20260814T033139Z,PIG-781,full_rag_minus_design_documents,"Implement error reporting for failed MR jobs to inform users about job success and failure, and their impact on data storage.",3,US-3,"As a developer, I want to add aliases to ExecJobs so that users can identify which jobs correspond to which stores.",S,3,ExecJobs have unique aliases that correspond to store locations. | Users can see these aliases in the job report. | The system maintains a mapping between ExecJobs and their aliases.,,2,src/main/java/org/apache/pig/backend/hadoop/executionengine/mapReduceLayer/ExecJob.java | src/main/java/org/apache/pig/tools/pigstats/JobStats.java
20260814T033139Z,PIG-781,full_rag_minus_coding_conventions,Implement enhanced error reporting for failed MapReduce jobs to improve user awareness of job outcomes.,1,US-1,"As a user, I want to receive a summary report at the end of execution indicating the success or failure of all store commands, so that I can quickly assess the overall job outcome.",M,2,"A summary line is displayed at the end of execution indicating success, partial failure, or failure of all store commands. | Different return codes are provided for different scenarios: 0 for success, 1 for retrievable errors, 2 for complete failure, and 3 for partial failure.",,1,src/main/java/org/apache/pig/tools/pigstats/PigStats.java
20260814T033139Z,PIG-781,full_rag_minus_coding_conventions,Implement enhanced error reporting for failed MapReduce jobs to improve user awareness of job outcomes.,2,US-2,"As a user, I want to know which specific jobs failed and which succeeded, so that I can take appropriate action based on the job outcomes.",M,2,Pig logs all successful and failed store commands with their output paths. | Users can identify failed jobs by checking the logs for failed store commands.,US-1,1,src/main/java/org/apache/pig/tools/pigstats/PigStatsUtil.java
20260814T033139Z,PIG-781,full_rag_minus_coding_conventions,Implement enhanced error reporting for failed MapReduce jobs to improve user awareness of job outcomes.,3,US-3,"As a developer, I want to add aliases to ExecJobs to identify which stored relations correspond to which jobs, so that users can easily map job outcomes to their respective stores.",L,2,ExecJobs have aliases that correspond to stored relations. | Users can see these aliases in the job logs to identify job outcomes.,US-2,1,src/main/java/org/apache/pig/backend/hadoop/executionengine/mapReduceLayer/PigMapReduce.java
20260814T033139Z,PIG-781,full_rag_minus_codebase_summaries,"Implement error reporting for failed MapReduce jobs to inform users about job success and failure, and their corresponding store locations.",1,US-1,"As a user, I want to receive a summary report at the end of execution indicating the success or failure of all store commands, so that I can understand the overall job execution status.",M,2,"A summary line is displayed at the end of execution indicating success, partial failure, or failure of all store commands. | Different return codes are provided for different execution outcomes: 0 for success, 1 for retrievable errors, 2 for complete failure, and 3 for partial failure.",,2,src/main/java/org/apache/pig/tools/pigstats/PigStats.java | src/main/java/org/apache/pig/backend/hadoop/executionengine/mapReduceLayer/MRJobControlCompiler.java
20260814T033139Z,PIG-781,full_rag_minus_codebase_summaries,"Implement error reporting for failed MapReduce jobs to inform users about job success and failure, and their corresponding store locations.",2,US-2,"As a user, I want to know which specific jobs failed and which succeeded, so that I can take appropriate actions based on job outcomes.",M,2,Pig logs all successful and failed store commands with their output paths. | Users can identify failed jobs by checking the logs for store commands that did not complete successfully.,US-1,2,src/main/java/org/apache/pig/tools/pigstats/PigStatsUtil.java | src/main/java/org/apache/pig/backend/hadoop/executionengine/mapReduceLayer/MRCompiler.java
20260814T033139Z,PIG-781,full_rag_minus_codebase_summaries,"Implement error reporting for failed MapReduce jobs to inform users about job success and failure, and their corresponding store locations.",3,US-3,"As a developer, I want to add aliases to ExecJobs to identify which stored relations correspond to which jobs, so that users can easily map job outcomes to store locations.",L,2,ExecJobs have aliases that map stored relations to specific jobs. | Users can see these aliases in the job logs to identify job outcomes.,US-1 | US-2,2,src/main/java/org/apache/pig/backend/hadoop/executionengine/mapReduceLayer/JobControlCompiler.java | src/main/java/org/apache/pig/backend/hadoop/executionengine/physicalLayer/relationalOperators/POLoad.java
20260814T033139Z,PIG-792,vanilla,Implement skewed join in Pig to handle large datasets with uneven key distribution efficiently.,1,US-1,"As a developer, I want to compute a histogram of the key space to identify skewing in the input records, so that I can partition the data accordingly.",M,3,A histogram of the key space is generated from the input data. | The histogram accurately reflects the distribution of keys. | The histogram data is used to determine partitioning strategy.,,2,src/org/apache/pig/backend/hadoop/executionengine/physicalLayer/relationalOperators/POJoinPackage.java | src/org/apache/pig/impl/logicalLayer/optimizer/JoinOptimizer.java
20260814T033139Z,PIG-792,vanilla,Implement skewed join in Pig to handle large datasets with uneven key distribution efficiently.,2,US-2,"As a developer, I want to partition the input data based on the computed histogram, so that the data is evenly distributed across reducers.",L,3,Input data is partitioned according to the histogram. | Data distribution across reducers is balanced. | Partitions are created dynamically based on key distribution.,US-1,2,src/org/apache/pig/backend/hadoop/executionengine/physicalLayer/relationalOperators/POJoinPackage.java | src/org/apache/pig/impl/logicalLayer/optimizer/JoinOptimizer.java
20260814T033139Z,PIG-792,vanilla,Implement skewed join in Pig to handle large datasets with uneven key distribution efficiently.,3,US-3,"As a developer, I want to adjust the number of reducers dynamically based on the key distribution, so that the join operation is optimized for performance.",M,3,The number of reducers is adjusted based on the key distribution. | Reducer count optimization leads to improved join performance. | System resources are utilized efficiently during the join operation.,US-2,2,src/org/apache/pig/backend/hadoop/executionengine/physicalLayer/relationalOperators/POJoinPackage.java | src/org/apache/pig/impl/logicalLayer/optimizer/JoinOptimizer.java
20260814T033139Z,PIG-792,vanilla,Implement skewed join in Pig to handle large datasets with uneven key distribution efficiently.,4,US-4,"As a developer, I want to implement the skewed join logic in the reduce phase, so that large datasets with skewed keys can be joined efficiently.",L,3,Skewed join logic is implemented in the reduce phase. | Join operation handles skewed key distribution effectively. | Performance benchmarks show improvement over fragmented replicated join.,US-3,2,src/org/apache/pig/backend/hadoop/executionengine/physicalLayer/relationalOperators/POJoinPackage.java | src/org/apache/pig/impl/logicalLayer/optimizer/JoinOptimizer.java
20260814T033139Z,PIG-792,full_rag,"Implement skewed join in Apache Pig to handle large, skewed datasets efficiently by partitioning tables and adjusting reducers based on key distribution.",1,US-1,"As a developer, I want to implement a histogram computation for the key space in skewed joins so that the join operation can account for skewed data distribution.",M,2,Histogram computation is implemented and tested. | The histogram accurately reflects the key distribution in the input data.,,1,src/org/apache/pig/backend/hadoop/executionengine/mapReduceLayer/SkewedPartitioner.java
20260814T033139Z,PIG-792,full_rag,"Implement skewed join in Apache Pig to handle large, skewed datasets efficiently by partitioning tables and adjusting reducers based on key distribution.",2,US-2,"As a developer, I want to adjust the number of reducers based on the computed histogram so that the workload is balanced across reducers.",M,2,Reducers are allocated based on the histogram data. | The system handles skewed data without performance degradation.,US-1,1,src/org/apache/pig/backend/hadoop/executionengine/mapReduceLayer/POSkewedJoin.java
20260814T033139Z,PIG-792,full_rag,"Implement skewed join in Apache Pig to handle large, skewed datasets efficiently by partitioning tables and adjusting reducers based on key distribution.",3,US-3,"As a developer, I want to ensure that the skewed join can handle large datasets without requiring all tables to be loaded into memory.",L,2,Skewed join operates efficiently without loading entire tables into memory. | Memory usage is optimized and documented.,US-1 | US-2,1,src/org/apache/pig/backend/hadoop/executionengine/mapReduceLayer/POSkewedJoin.java
20260814T033139Z,PIG-792,full_rag,"Implement skewed join in Apache Pig to handle large, skewed datasets efficiently by partitioning tables and adjusting reducers based on key distribution.",4,US-4,"As a developer, I want to validate that skewed joins are limited to two tables to ensure compatibility with existing join operations.",S,2,Validation logic is implemented to restrict skewed joins to two tables. | Appropriate error messages are displayed for invalid join configurations.,,1,src/org/apache/pig/impl/logicalLayer/LogicalPlanValidator.java
20260814T033139Z,PIG-792,full_rag_minus_past_tickets,Implement skewed join in Apache Pig to handle large datasets with skewed key distributions efficiently.,1,US-1,"As a developer, I want to create a custom partitioner for skewed joins so that the workload is evenly distributed across reducers.",M,3,The partitioner should read key distribution data from a sampler file. | The partitioner should assign reducer indices in a round-robin fashion based on key distribution. | The partitioner should be configurable via Java parameters.,,1,src/org/apache/pig/impl/plan/SkewedPartitioner.java
20260814T033139Z,PIG-792,full_rag_minus_past_tickets,Implement skewed join in Apache Pig to handle large datasets with skewed key distributions efficiently.,2,US-2,"As a developer, I want to implement a physical operator for skewed join so that it can be translated into a sampling job and a join job in a MapReduce plan.",L,3,"The operator should extend the PhysicalOperator class. | The operator should initialize with an OperatorKey, input operators, and inner flags. | The operator should handle the translation into a sampling job and a join job.",US-1,1,src/org/apache/pig/backend/hadoop/executionengine/physicalLayer/relationalOperators/POSkewedJoin.java
20260814T033139Z,PIG-792,full_rag_minus_past_tickets,Implement skewed join in Apache Pig to handle large datasets with skewed key distributions efficiently.,3,US-3,"As a developer, I want to ensure that the skewed join can handle more than two tables by breaking them into two-way joins.",L,3,The implementation should validate and break down three-way or more joins into two-way joins. | The skewed table should always be specified as the left table. | The implementation should adjust the number of reducers based on the key distribution.,US-2,1,src/org/apache/pig/impl/plan/SkewedJoinValidator.java
20260814T033139Z,PIG-792,full_rag_minus_design_documents,Implement skewed join in Apache Pig to improve performance by handling data skew and optimizing reducer usage.,1,US-1,"As a developer, I want to implement a histogram computation for key space in skewed join to account for skewing in input records.",M,3,Histogram computation is implemented and integrated into the skewed join process. | The histogram accurately reflects the distribution of keys in the input data. | Unit tests cover various scenarios of key distribution.,,1,src/org/apache/pig/backend/hadoop/executionengine/physicalLayer/relationalOperators/POSkewedJoin.java
20260814T033139Z,PIG-792,full_rag_minus_design_documents,Implement skewed join in Apache Pig to improve performance by handling data skew and optimizing reducer usage.,2,US-2,"As a developer, I want to adjust the number of reducers based on key distribution to optimize the skewed join performance.",M,3,Reducer count is dynamically adjusted based on the computed histogram. | Performance benchmarks show improved efficiency with skewed data. | Configuration allows for manual override of reducer count.,US-1,2,src/org/apache/pig/backend/hadoop/executionengine/physicalLayer/relationalOperators/POSkewedJoin.java | src/org/apache/pig/backend/hadoop/executionengine/mapReduceLayer/SkewedPartitioner.java
20260814T033139Z,PIG-792,full_rag_minus_design_documents,Implement skewed join in Apache Pig to improve performance by handling data skew and optimizing reducer usage.,3,US-3,"As a developer, I want to ensure that skewed join does not fail when pig.skewedjoin.reduce.memusage is not configured.",S,3,Default memory usage settings are applied when pig.skewedjoin.reduce.memusage is not configured. | Skewed join completes successfully without explicit memory configuration. | Documentation is updated to reflect default behavior.,,1,src/org/apache/pig/backend/hadoop/executionengine/physicalLayer/relationalOperators/POSkewedJoin.java
20260814T033139Z,PIG-792,full_rag_minus_coding_conventions,Implement skewed join in Apache Pig to improve performance by handling skewed data distributions efficiently.,1,US-1,"As a developer, I want to implement a histogram computation for the key space in skewed joins so that the join operation can account for skewed data distributions.",M,3,Histogram computation is implemented and integrated into the skewed join process. | The histogram accurately reflects the key distribution of the input data. | Unit tests cover various skew scenarios and validate histogram accuracy.,,2,src/org/apache/pig/backend/hadoop/executionengine/mapReduceLayer/SkewedPartitioner.java | src/org/apache/pig/backend/hadoop/executionengine/physicalLayer/relationalOperators/POSkewedJoin.java
20260814T033139Z,PIG-792,full_rag_minus_coding_conventions,Implement skewed join in Apache Pig to improve performance by handling skewed data distributions efficiently.,2,US-2,"As a developer, I want to adjust the number of reducers based on the computed histogram so that the join operation can efficiently handle skewed data.",M,3,Reducer count is dynamically adjusted based on histogram data. | Performance tests show improved efficiency for skewed data sets. | Configuration allows for manual override of reducer count if needed.,US-1,1,src/org/apache/pig/backend/hadoop/executionengine/mapReduceLayer/SkewedPartitioner.java
20260814T033139Z,PIG-792,full_rag_minus_coding_conventions,Implement skewed join in Apache Pig to improve performance by handling skewed data distributions efficiently.,3,US-3,"As a developer, I want to ensure that the skewed join can handle large input keys without restrictions so that it can be used in a variety of data scenarios.",L,3,Skewed join supports large input keys without performance degradation. | Tests confirm that large keys do not cause failures or excessive memory usage. | Documentation is updated to reflect the capability of handling large keys.,US-1 | US-2,1,src/org/apache/pig/backend/hadoop/executionengine/physicalLayer/relationalOperators/POSkewedJoin.java
20260814T033139Z,PIG-792,full_rag_minus_coding_conventions,Implement skewed join in Apache Pig to improve performance by handling skewed data distributions efficiently.,4,US-4,"As a developer, I want to implement a configuration parameter for pig.skewedjoin.reduce.memusage to optimize memory usage during skewed joins.",S,3,Configuration parameter pig.skewedjoin.reduce.memusage is implemented and documented. | Tests verify that changing the parameter affects memory usage as expected. | Default value is set to a reasonable fraction of available memory.,,1,src/org/apache/pig/backend/hadoop/executionengine/physicalLayer/relationalOperators/POSkewedJoin.java
20260814T033139Z,PIG-792,full_rag_minus_codebase_summaries,Implement skewed join in Apache Pig to improve performance by handling data skew and optimizing reducer allocation.,1,US-1,"As a developer, I want to implement a mechanism to compute a histogram of the key space in skewed join so that the join can account for skewing in the input records.",M,3,Histogram computation is triggered during the skewed join process. | The histogram accurately reflects the distribution of keys in the input data. | Unit tests cover various scenarios of key distribution.,,2,src/org/apache/pig/backend/hadoop/executionengine/physicalLayer/relationalOperators/POJoinPackage.java | src/org/apache/pig/backend/hadoop/executionengine/physicalLayer/plans/PhysicalPlan.java
20260814T033139Z,PIG-792,full_rag_minus_codebase_summaries,Implement skewed join in Apache Pig to improve performance by handling data skew and optimizing reducer allocation.,2,US-2,"As a developer, I want to adjust the number of reducers based on the key distribution to optimize the performance of skewed join.",L,3,Reducers are allocated dynamically based on the histogram data. | Performance tests show improved efficiency with skewed data. | Configuration allows for manual override of reducer allocation.,US-1,2,src/org/apache/pig/backend/hadoop/executionengine/physicalLayer/relationalOperators/POJoinPackage.java | src/org/apache/pig/tools/pigstats/PigStats.java
20260814T033139Z,PIG-792,full_rag_minus_codebase_summaries,Implement skewed join in Apache Pig to improve performance by handling data skew and optimizing reducer allocation.,3,US-3,"As a developer, I want to ensure that skewed join can handle large, sparse tables efficiently.",L,3,"Skewed join performs efficiently with large, sparse tables. | Integration tests confirm performance improvements over existing join methods. | Documentation is updated to reflect the new capabilities.",US-1 | US-2,2,src/org/apache/pig/backend/hadoop/executionengine/physicalLayer/relationalOperators/POJoinPackage.java | src/org/apache/pig/backend/hadoop/executionengine/physicalLayer/plans/PhysicalPlan.java
20260814T033139Z,PIG-792,full_rag_minus_codebase_summaries,Implement skewed join in Apache Pig to improve performance by handling data skew and optimizing reducer allocation.,4,US-4,"As a developer, I want to ensure that the skewed join implementation is compatible with existing Pig Latin scripts.",M,3,Existing Pig Latin scripts run without modification. | Backward compatibility tests are successful. | Any deprecated features are clearly documented.,US-1 | US-2 | US-3,2,src/org/apache/pig/newplan/logical/relational/LOJoin.java | src/org/apache/pig/newplan/logical/relational/LogicalPlan.java
20260814T033139Z,PIG-795,vanilla,"Implement a SAMPLE command to select a random sample of rows from large datasets, similar to the LIMIT command.",1,US-1,"As a developer, I want to create a SAMPLE command that retains rows with a specified probability, so that users can work with a random subset of data.",L,3,The SAMPLE command should accept a probability value between 0 and 1. | Rows should be retained based on the specified probability. | The command should be integrated into the existing command set.,,2,src/commands/SampleCommand.java | src/parser/CommandParser.java
20260814T033139Z,PIG-795,vanilla,"Implement a SAMPLE command to select a random sample of rows from large datasets, similar to the LIMIT command.",2,US-2,"As a developer, I want to ensure that the SAMPLE command is optimized for performance, so that it can handle very large datasets efficiently.",M,2,The SAMPLE command should perform efficiently on datasets with millions of rows. | Performance benchmarks should be documented and meet predefined thresholds.,US-1,2,src/commands/SampleCommand.java | src/utils/PerformanceUtils.java
20260814T033139Z,PIG-795,vanilla,"Implement a SAMPLE command to select a random sample of rows from large datasets, similar to the LIMIT command.",3,US-3,"As a developer, I want to write unit tests for the SAMPLE command, so that its functionality is verified and reliable.",S,3,Unit tests should cover various probability values. | Edge cases such as probability 0 and 1 should be tested. | Tests should pass consistently.,US-1,1,test/commands/SampleCommandTest.java
20260814T033139Z,PIG-795,vanilla,"Implement a SAMPLE command to select a random sample of rows from large datasets, similar to the LIMIT command.",4,US-4,"As a developer, I want to update the documentation to include the new SAMPLE command, so that users understand how to use it.",S,3,Documentation should explain the purpose and usage of the SAMPLE command. | Examples of usage should be provided. | Documentation should be reviewed and approved by a technical writer.,US-1,1,docs/commands.md
20260814T033139Z,PIG-795,full_rag,"Implement a SAMPLE command in Pig to select a random subset of rows, similar to the LIMIT command.",1,US-1,"As a developer, I want to add a SAMPLE command to Pig so that users can select a random subset of rows with a specified probability.",L,3,"The SAMPLE command should accept a probability value (e.g., 0.1 for 10%). | The command should randomly select rows based on the given probability. | The implementation should be efficient and not significantly impact performance.",,2,src/org/apache/pig/newplan/logical/relational/LOSample.java | src/org/apache/pig/backend/hadoop/executionengine/physicalLayer/relationalOperators/PoSample.java
20260814T033139Z,PIG-795,full_rag,"Implement a SAMPLE command in Pig to select a random subset of rows, similar to the LIMIT command.",2,US-2,"As a developer, I want to ensure that the SAMPLE command integrates with existing Pig commands and workflows.",M,2,"The SAMPLE command should work seamlessly with other Pig commands like LOAD, STORE, and FOREACH. | The command should be compatible with both local and Hadoop execution modes.",US-1,2,src/org/apache/pig/newplan/logical/relational/LogicalPlan.java | src/org/apache/pig/backend/hadoop/executionengine/physicalLayer/PhysicalPlan.java
20260814T033139Z,PIG-795,full_rag,"Implement a SAMPLE command in Pig to select a random subset of rows, similar to the LIMIT command.",3,US-3,"As a developer, I want to update the documentation to include the new SAMPLE command so that users understand how to use it.",S,3,The documentation should explain the syntax and usage of the SAMPLE command. | Examples of using SAMPLE in Pig scripts should be provided. | The documentation should highlight differences between SAMPLE and LIMIT.,US-1 | US-2,2,docs/piglatin_ref.html | docs/piglatin_sample.html
20260814T033139Z,PIG-795,full_rag_minus_past_tickets,"Implement a command in Apache Pig that selects a random sample of rows, similar to the LIMIT command, but with probabilistic selection.",1,US-1,"As a developer, I want to create a new command 'SAMPLE X' in Pig Latin to allow users to randomly sample rows with a probability of X%.",L,3,The 'SAMPLE X' command should be recognized by the Pig parser. | The command should correctly interpret the probability X and apply it to the dataset. | The command should integrate seamlessly with existing Pig Latin syntax.,,2,src/org/apache/pig/parser/PigParser.java | src/org/apache/pig/newplan/logical/relational/LogicalPlan.java
20260814T033139Z,PIG-795,full_rag_minus_past_tickets,"Implement a command in Apache Pig that selects a random sample of rows, similar to the LIMIT command, but with probabilistic selection.",2,US-2,"As a developer, I want to implement the logic for the 'SAMPLE X' command to randomly select rows based on the specified probability.",M,3,The sampling logic should use a random number generator to decide row inclusion. | The implementation should be efficient and not significantly increase processing time. | The logic should be tested with various datasets to ensure randomness.,US-1,2,src/org/apache/pig/backend/hadoop/executionengine/physicalLayer/relationalOperators/POFilter.java | src/org/apache/pig/impl/logicalLayer/optimizer/LogicalOptimizer.java
20260814T033139Z,PIG-795,full_rag_minus_past_tickets,"Implement a command in Apache Pig that selects a random sample of rows, similar to the LIMIT command, but with probabilistic selection.",3,US-3,"As a developer, I want to update the RandomSampleLoader class to support the new 'SAMPLE X' command.",M,3,The RandomSampleLoader should be able to interpret the probability X from the 'SAMPLE X' command. | The class should maintain its existing functionality while supporting the new command. | Unit tests should cover the new functionality.,US-1 | US-2,1,src/org/apache/pig/impl/io/RandomSampleLoader.java
20260814T033139Z,PIG-795,full_rag_minus_past_tickets,"Implement a command in Apache Pig that selects a random sample of rows, similar to the LIMIT command, but with probabilistic selection.",4,US-4,"As a developer, I want to ensure that the 'SAMPLE X' command is documented in the Pig Latin reference guide.",S,3,The documentation should clearly explain the syntax and usage of the 'SAMPLE X' command. | Examples should be provided to illustrate typical use cases. | The documentation should be reviewed and approved by the documentation team.,US-1 | US-2 | US-3,1,docs/piglatin_ref.html
20260814T033139Z,PIG-795,full_rag_minus_design_documents,Implement a SAMPLE command in Pig Latin to select a random subset of rows based on a specified probability.,1,US-1,"As a Pig Latin user, I want to use a SAMPLE command to randomly select rows with a specified probability, so that I can efficiently test and debug with large datasets.",M,3,The SAMPLE command should accept a probability value between 0 and 1. | Rows should be retained based on the specified probability. | The command should be usable in both local and Hadoop execution modes.,,2,src/org/apache/pig/newplan/logical/relational/LOSample.java | src/org/apache/pig/backend/hadoop/executionengine/physicalLayer/relationalOperators/POSample.java
20260814T033139Z,PIG-795,full_rag_minus_design_documents,Implement a SAMPLE command in Pig Latin to select a random subset of rows based on a specified probability.,2,US-2,"As a developer, I want to ensure that the SAMPLE command integrates with existing Pig Latin syntax and execution flow, so that it behaves consistently with other commands.",L,3,The SAMPLE command should be parsed correctly by the Pig parser. | The command should integrate with the logical and physical plan generation. | Ensure compatibility with existing Pig Latin commands and syntax.,US-1,2,src/org/apache/pig/parser/QueryParser.jjt | src/org/apache/pig/newplan/logical/relational/LogicalPlan.java
20260814T033139Z,PIG-795,full_rag_minus_design_documents,Implement a SAMPLE command in Pig Latin to select a random subset of rows based on a specified probability.,3,US-3,"As a QA engineer, I want to create test cases for the SAMPLE command to verify its functionality and performance, so that it meets the specified requirements.",M,3,Test cases should cover various probability values including edge cases (0 and 1). | Tests should verify the randomness of the output. | Performance tests should ensure the command executes efficiently on large datasets.,US-1 | US-2,1,test/org/apache/pig/test/TestSampleCommand.java
20260814T033139Z,PIG-795,full_rag_minus_coding_conventions,Implement a SAMPLE command in Pig to select a random subset of rows with a specified probability.,1,US-1,"As a developer, I want to make the sample size for RandomSampleLoader configurable so that I can control the variance in results when sorting large datasets.",M,3,The sample size can be set via Pig properties. | The default sample size remains 100 if not specified. | Documentation is updated to reflect the new configuration option.,,1,src/org/apache/pig/impl/io/RandomSampleLoader.java
20260814T033139Z,PIG-795,full_rag_minus_coding_conventions,Implement a SAMPLE command in Pig to select a random subset of rows with a specified probability.,2,US-2,"As a user, I want to use the LIMIT statement within nested FOREACH loops to compute the top N results in each group.",L,3,LIMIT can be used within nested FOREACH loops. | The top N results are correctly computed for each group. | Existing functionality of LIMIT outside nested FOREACH remains unchanged.,,2,src/org/apache/pig/impl/plan/OperatorPlan.java | src/org/apache/pig/impl/plan/PlanVisitor.java
20260814T033139Z,PIG-795,full_rag_minus_coding_conventions,Implement a SAMPLE command in Pig to select a random subset of rows with a specified probability.,3,US-3,"As a user, I want a SAMPLE command that selects rows with a specified probability to quickly test scripts on large datasets.",L,3,SAMPLE command is implemented and accepts a probability parameter. | Rows are retained with the specified probability. | The command is documented and examples are provided.,US-1,2,src/org/apache/pig/impl/io/RandomSampleLoader.java | src/org/apache/pig/impl/plan/OperatorPlan.java
20260814T033139Z,PIG-795,full_rag_minus_codebase_summaries,"Implement a command to select a random sample of rows in Pig, similar to LIMIT, for efficient processing of large datasets.",1,US-1,"As a Pig user, I want to configure the sample size for RandomSampleLoader, so that I can control the variance in results when sorting large datasets.",M,3,The sample size for RandomSampleLoader can be set via Pig properties. | The default sample size remains 100 if not configured. | Documentation is updated to reflect the new configuration option.,,2,src/org/apache/pig/impl/io/RandomSampleLoader.java | conf/pig.properties
20260814T033139Z,PIG-795,full_rag_minus_codebase_summaries,"Implement a command to select a random sample of rows in Pig, similar to LIMIT, for efficient processing of large datasets.",2,US-2,"As a Pig user, I want to use the LIMIT statement within nested FOREACH loops, so that I can easily compute the top N results in each group.",L,3,LIMIT statement works within nested FOREACH loops. | The top N results can be computed for each group without using a UDF. | Existing Pig scripts using LIMIT outside of nested FOREACH loops continue to function as before.,,2,src/org/apache/pig/impl/plan/OperatorPlan.java | src/org/apache/pig/impl/plan/PlanVisitor.java
20260814T033139Z,PIG-795,full_rag_minus_codebase_summaries,"Implement a command to select a random sample of rows in Pig, similar to LIMIT, for efficient processing of large datasets.",3,US-3,"As a Pig user, I want a SAMPLE command that selects rows with a probability X%, so that I can quickly test scripts on a subset of data.",M,3,SAMPLE command is available and retains rows with a specified probability. | The command can be used in place of a combination of FILTER BY and UDF. | Documentation includes examples of using the SAMPLE command.,,2,src/org/apache/pig/impl/io/SampleLoader.java | docs/piglatin_ref.html
20260814T033139Z,PIG-820,vanilla,Enhance RandomSampleLoader to subsume another loader for improved performance in sampling jobs.,1,US-1,"As a developer, I want RandomSampleLoader to subsume an existing loader so that it can handle tuple skipping without requiring data to be in BinaryStorage format.",L,3,RandomSampleLoader can utilize a user-specified loader to read tuples. | The user-specified loader implements the SamplableLoader interface. | RandomSampleLoader handles tuple skipping independently.,,1,src/main/java/org/apache/pig/impl/io/RandomSampleLoader.java
20260814T033139Z,PIG-820,vanilla,Enhance RandomSampleLoader to subsume another loader for improved performance in sampling jobs.,2,US-2,"As a developer, I want to define a SamplableLoader interface that allows loaders to support tuple skipping and position tracking.",M,3,SamplableLoader interface includes a method to skip ahead in the input stream. | SamplableLoader interface includes a method to get the current position in the stream. | The interface is implemented by loaders that need to support sampling.,,1,src/main/java/org/apache/pig/impl/io/SamplableLoader.java
20260814T033139Z,PIG-820,vanilla,Enhance RandomSampleLoader to subsume another loader for improved performance in sampling jobs.,3,US-3,"As a developer, I want the MRCompiler to check if the loader implements the SamplableLoader interface to optimize the creation of sampling jobs.",M,3,"MRCompiler identifies if the loader implements SamplableLoader. | If implemented, MRCompiler creates a sampling job without an initial MR job for data translation. | The system performs efficiently without unnecessary data translation jobs.",US-1 | US-2,1,src/main/java/org/apache/pig/backend/hadoop/executionengine/mapReduceLayer/MRCompiler.java
20260814T033139Z,PIG-820,full_rag,Enhance RandomSampleLoader to subsume another loader for improved performance in sampling jobs.,1,US-1,"As a developer, I want RandomSampleLoader to support configurable sample sizes so that I can optimize performance for large datasets.",S,3,The sample size can be set via Pig properties. | The default sample size remains 100 if not specified. | Documentation is updated to reflect the new configuration option.,,1,src/org/apache/pig/impl/builtin/RandomSampleLoader.java
20260814T033139Z,PIG-820,full_rag,Enhance RandomSampleLoader to subsume another loader for improved performance in sampling jobs.,2,US-2,"As a developer, I want RandomSampleLoader to subsume another loader to avoid unnecessary data translation jobs.",L,3,RandomSampleLoader can use a user-specified loader to read tuples. | The user-specified loader implements the SamplableLoader interface. | The MRCompiler checks if the loader implements SamplableLoader and adjusts job creation accordingly.,US-1,2,src/org/apache/pig/impl/builtin/RandomSampleLoader.java | src/org/apache/pig/impl/builtin/SampleLoader.java
20260814T033139Z,PIG-820,full_rag,Enhance RandomSampleLoader to subsume another loader for improved performance in sampling jobs.,3,US-3,"As a developer, I want to implement the SamplableLoader interface to facilitate loader subsumption in RandomSampleLoader.",M,2,SamplableLoader interface is defined with skip and getPosition methods. | Loaders implementing SamplableLoader can be used by RandomSampleLoader.,US-2,1,src/org/apache/pig/impl/builtin/SamplableLoader.java
20260814T033139Z,PIG-820,full_rag_minus_past_tickets,Enhance RandomSampleLoader to subsume another loader for improved performance in sampling jobs.,1,US-1,"As a developer, I want RandomSampleLoader to subsume another loader so that it can handle sampling without requiring data to be in BinaryStorage format.",L,2,RandomSampleLoader can utilize a user-specified loader to read tuples. | The subsumed loader implements the SamplableLoader interface.,,2,org/apache/pig/impl/builtin/RandomSampleLoader.java | org/apache/pig/impl/builtin/SampleLoader.java
20260814T033139Z,PIG-820,full_rag_minus_past_tickets,Enhance RandomSampleLoader to subsume another loader for improved performance in sampling jobs.,2,US-2,"As a developer, I want to define a SamplableLoader interface to allow loaders to support skipping and position tracking.",M,2,SamplableLoader interface is defined with skip and getPosition methods. | Loaders implementing SamplableLoader can skip ahead in the input stream and report their current position.,,1,org/apache/pig/impl/builtin/SamplableLoader.java
20260814T033139Z,PIG-820,full_rag_minus_past_tickets,Enhance RandomSampleLoader to subsume another loader for improved performance in sampling jobs.,3,US-3,"As a developer, I want the MRCompiler to check if the loader implements SamplableLoader and adjust job creation accordingly.",M,2,"MRCompiler identifies if a loader implements SamplableLoader. | If SamplableLoader is implemented, MRCompiler creates a sampling job instead of a translation job.",US-2,1,org/apache/pig/impl/plan/MRCompiler.java
20260814T033139Z,PIG-820,full_rag_minus_design_documents,Enhance RandomSampleLoader to subsume other loaders and improve performance by eliminating unnecessary MR jobs.,1,US-1,"As a developer, I want RandomSampleLoader to support configurable sample sizes so that I can optimize performance for large datasets.",S,3,The sample size can be set via Pig properties. | The default sample size remains 100 if not specified. | Documentation is updated to reflect the new configuration option.,,1,src/org/apache/pig/impl/builtin/RandomSampleLoader.java
20260814T033139Z,PIG-820,full_rag_minus_design_documents,Enhance RandomSampleLoader to subsume other loaders and improve performance by eliminating unnecessary MR jobs.,2,US-2,"As a developer, I want RandomSampleLoader to subsume other loaders using a SamplableLoader interface so that unnecessary MR jobs are avoided.",L,3,RandomSampleLoader can use any loader implementing the SamplableLoader interface. | The SamplableLoader interface includes methods for skipping bytes and getting the current position. | MRCompiler checks if the loader implements SamplableLoader and adjusts job creation accordingly.,US-1,3,src/org/apache/pig/impl/builtin/RandomSampleLoader.java | src/org/apache/pig/impl/builtin/SamplableLoader.java | src/org/apache/pig/impl/plan/MRCompiler.java
20260814T033139Z,PIG-820,full_rag_minus_design_documents,Enhance RandomSampleLoader to subsume other loaders and improve performance by eliminating unnecessary MR jobs.,3,US-3,"As a developer, I want the sample MR job to use Hadoop sorting instead of POSort to improve performance.",M,3,The sample MR job uses Hadoop's native sorting mechanism. | Performance benchmarks show improved sorting times compared to POSort. | Existing tests for order by and join operations pass without modification.,US-1,2,src/org/apache/pig/impl/builtin/RandomSampleLoader.java | src/org/apache/pig/impl/plan/MRCompiler.java
20260814T033139Z,PIG-820,full_rag_minus_coding_conventions,Enhance RandomSampleLoader to support configurable sampling and subsume other loaders for improved performance in Apache Pig.,1,US-1,"As a developer, I want to make the sample size in RandomSampleLoader configurable via Pig properties, so that I can reduce volatility in sorting large datasets.",M,3,The sample size can be set through a Pig property. | The default sample size remains 100 if no property is set. | The system correctly uses the configured sample size during execution.,,1,src/org/apache/pig/impl/builtin/RandomSampleLoader.java
20260814T033139Z,PIG-820,full_rag_minus_coding_conventions,Enhance RandomSampleLoader to support configurable sampling and subsume other loaders for improved performance in Apache Pig.,2,US-2,"As a developer, I want RandomSampleLoader to subsume another loader, so that I can avoid unnecessary data translation to BinaryStorage format.",L,3,RandomSampleLoader can use a user-specified loader to read tuples. | The specified loader implements the SamplableLoader interface. | The system skips between tuples using the subsumed loader.,US-1,2,src/org/apache/pig/impl/builtin/RandomSampleLoader.java | src/org/apache/pig/impl/builtin/SamplableLoader.java
20260814T033139Z,PIG-820,full_rag_minus_coding_conventions,Enhance RandomSampleLoader to support configurable sampling and subsume other loaders for improved performance in Apache Pig.,3,US-3,"As a developer, I want to implement the SamplableLoader interface, so that loaders can be subsumed by RandomSampleLoader.",S,2,The SamplableLoader interface is defined with skip and getPosition methods. | Loaders implementing this interface can be used by RandomSampleLoader.,,1,src/org/apache/pig/impl/builtin/SamplableLoader.java
20260814T033139Z,PIG-820,full_rag_minus_coding_conventions,Enhance RandomSampleLoader to support configurable sampling and subsume other loaders for improved performance in Apache Pig.,4,US-4,"As a developer, I want the MRCompiler to check for the SamplableLoader interface, so that it can optimize the creation of sampling jobs.",M,2,"MRCompiler identifies if a loader implements SamplableLoader. | If implemented, MRCompiler creates a sampling job instead of a translation job.",US-2 | US-3,1,src/org/apache/pig/impl/plan/MRCompiler.java
20260814T033139Z,PIG-820,full_rag_minus_codebase_summaries,Enhance RandomSampleLoader to subsume another loader for improved performance in sampling jobs.,1,US-1,"As a developer, I want RandomSampleLoader to support configurable sample sizes so that I can optimize performance for large datasets.",S,3,The sample size can be set via Pig properties. | The default sample size remains 100 if not specified. | Documentation is updated to reflect the new configuration option.,,2,src/org/apache/pig/impl/io/RandomSampleLoader.java | src/org/apache/pig/impl/util/PropertiesUtil.java
20260814T033139Z,PIG-820,full_rag_minus_codebase_summaries,Enhance RandomSampleLoader to subsume another loader for improved performance in sampling jobs.,2,US-2,"As a developer, I want RandomSampleLoader to subsume another loader to eliminate unnecessary MR jobs, improving efficiency for scripts starting with join operations.",L,3,RandomSampleLoader can use a user-specified loader to read tuples. | The specified loader implements the SamplableLoader interface. | The MRCompiler checks for the SamplableLoader interface and adjusts job creation accordingly.,US-1,2,src/org/apache/pig/impl/io/RandomSampleLoader.java | src/org/apache/pig/backend/hadoop/executionengine/mapReduceLayer/MRCompiler.java
20260814T033139Z,PIG-820,full_rag_minus_codebase_summaries,Enhance RandomSampleLoader to subsume another loader for improved performance in sampling jobs.,3,US-3,"As a developer, I want to implement the SamplableLoader interface to allow loaders to support efficient sampling.",M,2,The SamplableLoader interface is defined with methods for skipping and getting position in the stream. | Loaders implementing this interface can be used by RandomSampleLoader for sampling.,US-2,1,src/org/apache/pig/impl/io/SamplableLoader.java
20260814T033139Z,PIG-830,vanilla,Update and reintegrate Apache Log parsing piggybank contribs to Pig 0.2.,1,US-1,"As a developer, I want the pig-472 contrib to be updated to work with Pig 0.2 APIs so that it can be reintegrated into the trunk.",M,3,The pig-472 contrib compiles without errors. | All tests for pig-472 pass successfully. | The contrib is compatible with Pig 0.2 APIs.,,1,contrib/piggybank/java/src/main/java/org/apache/pig/piggybank/pig-472
20260814T033139Z,PIG-830,vanilla,Update and reintegrate Apache Log parsing piggybank contribs to Pig 0.2.,2,US-2,"As a developer, I want the pig-473 contrib to be updated to work with Pig 0.2 APIs so that it can be reintegrated into the trunk.",M,3,The pig-473 contrib compiles without errors. | All tests for pig-473 pass successfully. | The contrib is compatible with Pig 0.2 APIs.,,1,contrib/piggybank/java/src/main/java/org/apache/pig/piggybank/pig-473
20260814T033139Z,PIG-830,vanilla,Update and reintegrate Apache Log parsing piggybank contribs to Pig 0.2.,3,US-3,"As a developer, I want the pig-474 contrib to be updated to work with Pig 0.2 APIs so that it can be reintegrated into the trunk.",M,3,The pig-474 contrib compiles without errors. | All tests for pig-474 pass successfully. | The contrib is compatible with Pig 0.2 APIs.,,1,contrib/piggybank/java/src/main/java/org/apache/pig/piggybank/pig-474
20260814T033139Z,PIG-830,vanilla,Update and reintegrate Apache Log parsing piggybank contribs to Pig 0.2.,4,US-4,"As a developer, I want the pig-476 contrib to be updated to work with Pig 0.2 APIs so that it can be reintegrated into the trunk.",M,3,The pig-476 contrib compiles without errors. | All tests for pig-476 pass successfully. | The contrib is compatible with Pig 0.2 APIs.,,1,contrib/piggybank/java/src/main/java/org/apache/pig/piggybank/pig-476
20260814T033139Z,PIG-830,vanilla,Update and reintegrate Apache Log parsing piggybank contribs to Pig 0.2.,5,US-5,"As a developer, I want the pig-486 contrib to be updated to work with Pig 0.2 APIs so that it can be reintegrated into the trunk.",M,3,The pig-486 contrib compiles without errors. | All tests for pig-486 pass successfully. | The contrib is compatible with Pig 0.2 APIs.,,1,contrib/piggybank/java/src/main/java/org/apache/pig/piggybank/pig-486
20260814T033139Z,PIG-830,vanilla,Update and reintegrate Apache Log parsing piggybank contribs to Pig 0.2.,6,US-6,"As a developer, I want the pig-487 contrib to be updated to work with Pig 0.2 APIs so that it can be reintegrated into the trunk.",M,3,The pig-487 contrib compiles without errors. | All tests for pig-487 pass successfully. | The contrib is compatible with Pig 0.2 APIs.,,1,contrib/piggybank/java/src/main/java/org/apache/pig/piggybank/pig-487
20260814T033139Z,PIG-830,vanilla,Update and reintegrate Apache Log parsing piggybank contribs to Pig 0.2.,7,US-7,"As a developer, I want the pig-488 contrib to be updated to work with Pig 0.2 APIs so that it can be reintegrated into the trunk.",M,3,The pig-488 contrib compiles without errors. | All tests for pig-488 pass successfully. | The contrib is compatible with Pig 0.2 APIs.,,1,contrib/piggybank/java/src/main/java/org/apache/pig/piggybank/pig-488
20260814T033139Z,PIG-830,vanilla,Update and reintegrate Apache Log parsing piggybank contribs to Pig 0.2.,8,US-8,"As a developer, I want the pig-503 contrib to be updated to work with Pig 0.2 APIs so that it can be reintegrated into the trunk.",M,3,The pig-503 contrib compiles without errors. | All tests for pig-503 pass successfully. | The contrib is compatible with Pig 0.2 APIs.,,1,contrib/piggybank/java/src/main/java/org/apache/pig/piggybank/pig-503
20260814T033139Z,PIG-830,vanilla,Update and reintegrate Apache Log parsing piggybank contribs to Pig 0.2.,9,US-9,"As a developer, I want the pig-509 contrib to be updated to work with Pig 0.2 APIs so that it can be reintegrated into the trunk.",M,3,The pig-509 contrib compiles without errors. | All tests for pig-509 pass successfully. | The contrib is compatible with Pig 0.2 APIs.,,1,contrib/piggybank/java/src/main/java/org/apache/pig/piggybank/pig-509
20260814T033139Z,PIG-830,full_rag,Port Apache Log parsing piggybank contrib to Pig 0.2,1,US-1,"As a developer, I want to update the existing log parsers to be compatible with Pig 0.2 so that they can be reintegrated into the piggybank contrib.",L,3,The existing parsers are updated to use the current APIs of Pig 0.2. | The parsers are tested and verified to work with the new version. | Documentation is updated to reflect changes in the API usage.,,1,trunk/contrib/piggybank/java
20260814T033139Z,PIG-830,full_rag,Port Apache Log parsing piggybank contrib to Pig 0.2,2,US-2,"As a developer, I want to ensure that the updated parsers support all LogFormat specifiers so that they can handle custom log formats.",M,3,All LogFormat specifiers are supported by the updated parsers. | The parsers can extract values such as cookies and query string parameters. | Tests are written to verify the parsing of custom log formats.,US-1,1,trunk/contrib/piggybank/java
20260814T033139Z,PIG-830,full_rag,Port Apache Log parsing piggybank contrib to Pig 0.2,3,US-3,"As a developer, I want to generate and verify javadoc for the updated parsers to ensure proper documentation.",S,3,Javadoc is generated for all updated parser functions. | Documentation is reviewed for accuracy and completeness. | Javadoc is accessible in the directory trunk/contrib/piggybank/java/build/javadoc.,US-1,1,trunk/contrib/piggybank/java/build/javadoc
20260814T033139Z,PIG-830,full_rag_minus_past_tickets,Update and port Apache Log parsing piggybank contributions to be compatible with Pig 0.2 APIs and reintegrate them into the trunk.,1,US-1,"As a developer, I want to update the piggybank contribs to be compatible with Pig 0.2 APIs so that they can be reintegrated into the trunk.",L,3,All piggybank contribs are updated to use the current Pig 0.2 APIs. | The updated contribs pass all existing unit tests. | The updated contribs are reviewed and approved by a project maintainer.,,1,trunk/contrib/piggybank/java
20260814T033139Z,PIG-830,full_rag_minus_past_tickets,Update and port Apache Log parsing piggybank contributions to be compatible with Pig 0.2 APIs and reintegrate them into the trunk.,2,US-2,"As a developer, I want to ensure that the updated piggybank contribs are documented with javadocs so that other developers can understand and use them.",M,3,Javadocs are generated for all updated piggybank contribs. | Documentation is clear and follows the project's coding conventions. | Javadocs are accessible in the directory trunk/contrib/piggybank/java/build/javadoc.,US-1,1,trunk/contrib/piggybank/java
20260814T033139Z,PIG-830,full_rag_minus_past_tickets,Update and port Apache Log parsing piggybank contributions to be compatible with Pig 0.2 APIs and reintegrate them into the trunk.,3,US-3,"As a developer, I want to test the updated piggybank contribs to ensure they work correctly with the current APIs.",M,3,All unit tests for the updated contribs pass successfully. | Integration tests are conducted to verify compatibility with Pig 0.2. | Any bugs found during testing are documented and fixed.,US-1,1,trunk/contrib/piggybank/java
20260814T033139Z,PIG-830,full_rag_minus_past_tickets,Update and port Apache Log parsing piggybank contributions to be compatible with Pig 0.2 APIs and reintegrate them into the trunk.,4,US-4,"As a developer, I want to contribute the updated piggybank contribs back to the Pig project so that they are available for use by the community.",S,3,The updated contribs are submitted to the Pig project repository. | The submission is reviewed and merged by the project maintainers. | The contribs are included in the next release of Pig.,US-1 | US-2 | US-3,1,trunk/contrib/piggybank/java
20260814T033139Z,PIG-830,full_rag_minus_design_documents,Update and port Apache Log parsing piggybank contributions to be compatible with Pig 0.2.,1,US-1,"As a developer, I want to update the existing Apache log parsers in piggybank to be compatible with Pig 0.2, so that they can be reintegrated into the main codebase.",M,3,The parsers compile without errors against Pig 0.2. | All existing tests for the parsers pass successfully. | The parsers support the same log formats as before.,,1,src/org/apache/pig/piggybank/log/LogParser.java
20260814T033139Z,PIG-830,full_rag_minus_design_documents,Update and port Apache Log parsing piggybank contributions to be compatible with Pig 0.2.,2,US-2,"As a developer, I want to enhance the Apache HTTPD access log parsers to support additional log formats beyond 'combined' and 'common', so that more comprehensive log data can be parsed.",L,3,The parsers support additional log formats as specified in the LogFormat documentation. | New tests are added to verify parsing of the additional log formats. | Documentation is updated to reflect the new capabilities.,US-1,1,src/org/apache/pig/piggybank/log/ApacheHTTPDLogParser.java
20260814T033139Z,PIG-830,full_rag_minus_design_documents,Update and port Apache Log parsing piggybank contributions to be compatible with Pig 0.2.,3,US-3,"As a developer, I want to ensure that the updated parsers can extract detailed information such as cookie values and query string parameters, so that users can perform more granular data analysis.",M,3,The parsers can extract cookie values from log entries. | The parsers can extract query string parameters from log entries. | Tests are added to verify the extraction of these details.,US-1,1,src/org/apache/pig/piggybank/log/LogParserUtils.java
20260814T033139Z,PIG-830,full_rag_minus_coding_conventions,Port Apache Log parsing piggybank contrib to Pig 0.2,1,US-1,"As a developer, I want to update the existing log parsers to be compatible with Pig 0.2 so that they can be reintegrated into the trunk.",L,3,The parser should support all LogFormat specifiers. | The parser should be able to extract values from cookies and query string parameters. | The parser should be compatible with Pig 0.2 APIs.,,1,trunk/contrib/piggybank/java
20260814T033139Z,PIG-830,full_rag_minus_coding_conventions,Port Apache Log parsing piggybank contrib to Pig 0.2,2,US-2,"As a developer, I want to ensure that the updated parsers generate appropriate documentation using javadoc so that users can easily understand their usage.",M,2,Running 'ant javadoc' should generate documentation in 'trunk/contrib/piggybank/java/build/javadoc'. | Documentation should include descriptions of all public methods and classes.,US-1,1,trunk/contrib/piggybank/java
20260814T033139Z,PIG-830,full_rag_minus_coding_conventions,Port Apache Log parsing piggybank contrib to Pig 0.2,3,US-3,"As a developer, I want to test the updated parsers to ensure they correctly parse various Apache HTTPD log formats.",M,2,Tests should cover 'combined' and 'common' log formats. | Tests should verify parsing of custom log formats with additional fields like cookies and query parameters.,US-1,1,trunk/contrib/piggybank/java
20260814T033139Z,PIG-830,full_rag_minus_coding_conventions,Port Apache Log parsing piggybank contrib to Pig 0.2,4,US-4,"As a developer, I want to refactor the existing code to improve maintainability and adhere to current coding standards.",M,2,Code should follow the current coding standards of the Apache Pig project. | Refactored code should pass all existing and new tests.,US-1,1,trunk/contrib/piggybank/java
20260814T033139Z,PIG-830,full_rag_minus_codebase_summaries,Port Apache Log parsing piggybank contrib to Pig 0.2,1,US-1,"As a developer, I want to update the existing Apache log parsers to be compatible with Pig 0.2 so that they can be reintegrated into the piggybank contrib.",L,3,The updated parsers should compile without errors against Pig 0.2. | The parsers should pass all existing unit tests. | The parsers should support all previously supported log formats.,,1,trunk/contrib/piggybank/java/src/org/apache/pig/piggybank/logparser/ApacheLogParser.java
20260814T033139Z,PIG-830,full_rag_minus_codebase_summaries,Port Apache Log parsing piggybank contrib to Pig 0.2,2,US-2,"As a developer, I want to ensure that the updated parsers support additional log format specifiers so that they can parse custom log formats used in production.",M,2,The parsers should support additional log format specifiers not previously supported. | The parsers should be able to extract values from cookies and query string parameters.,US-1,1,trunk/contrib/piggybank/java/src/org/apache/pig/piggybank/logparser/ApacheLogParser.java
20260814T033139Z,PIG-830,full_rag_minus_codebase_summaries,Port Apache Log parsing piggybank contrib to Pig 0.2,3,US-3,"As a developer, I want to generate updated documentation for the Apache log parsers so that users can understand how to use the new features.",S,2,Documentation should be generated using 'ant javadoc'. | The documentation should include descriptions of new features and supported log formats.,US-1 | US-2,1,trunk/contrib/piggybank/java/build/javadoc
20260814T033139Z,PIG-832,vanilla,Make the import list configurable in PigContext.,1,US-1,"As a developer, I want to externalize the import list configuration so that it can be modified without changing the code.",M,2,The import list is loaded from a configuration file. | Changes to the configuration file are reflected without restarting the application.,,2,src/org/apache/pig/PigContext.java | src/org/apache/pig/config/ConfigurationLoader.java
20260814T033139Z,PIG-832,vanilla,Make the import list configurable in PigContext.,2,US-2,"As a developer, I want to validate the import list configuration to ensure it contains valid entries.",S,2,Invalid entries in the import list configuration are logged as errors. | The application does not crash due to invalid configuration entries.,US-1,1,src/org/apache/pig/config/ConfigurationValidator.java
20260814T033139Z,PIG-832,vanilla,Make the import list configurable in PigContext.,3,US-3,"As a developer, I want to provide default import list values if the configuration file is missing or incomplete.",S,2,Default import list values are used when the configuration file is missing. | Default values are used for any missing entries in the configuration file.,US-1,1,src/org/apache/pig/PigContext.java
20260814T033139Z,PIG-832,vanilla,Make the import list configurable in PigContext.,4,US-4,"As a developer, I want to document the import list configuration process for other developers.",S,2,Documentation is available in the project's README file. | Examples of configuration file entries are provided.,US-1 | US-2 | US-3,1,docs/README.md
20260814T033139Z,PIG-832,full_rag,Make the import list configurable in Apache Pig to enhance flexibility and user control over script execution.,1,US-1,"As a developer, I want to configure the import list via the Pig command line so that I can easily manage dependencies without modifying the source code.",M,3,The import list can be specified using the '-Dudf.import.list' option on the command line. | Multiple import locations can be specified and are correctly parsed and applied. | The system should fall back to default imports if none are specified.,,2,src/org/apache/pig/PigContext.java | src/org/apache/pig/PigConfiguration.java
20260814T033139Z,PIG-832,full_rag,Make the import list configurable in Apache Pig to enhance flexibility and user control over script execution.,2,US-2,"As a developer, I want to set the import list using the 'set' command in the Grunt shell to dynamically adjust configurations during runtime.",M,3,The 'set' command in Grunt allows setting the import list. | Changes to the import list via Grunt are reflected immediately in the current session. | The system should validate the import paths and provide feedback if they are incorrect.,US-1,2,src/org/apache/pig/tools/grunt/GruntParser.java | src/org/apache/pig/PigContext.java
20260814T033139Z,PIG-832,full_rag,Make the import list configurable in Apache Pig to enhance flexibility and user control over script execution.,3,US-3,"As a developer, I want to specify import lists in the pigrc file to ensure consistent configuration across different environments.",L,3,The pigrc file supports specifying import lists. | Import lists defined in pigrc are loaded and applied at the start of a Pig session. | Conflicts between pigrc and command line settings are resolved with command line taking precedence.,US-1,2,src/org/apache/pig/PigContext.java | src/org/apache/pig/PigConfiguration.java
20260814T033139Z,PIG-832,full_rag_minus_past_tickets,Enable configuration of the import list in PigContext to enhance flexibility and user control.,1,US-1,"As a developer, I want to externalize the import list configuration so that it can be modified without altering the source code.",M,3,"The import list can be specified in an external configuration file. | PigContext reads the import list from the configuration file at runtime. | If the configuration file is not present, PigContext defaults to the current hardwired list.",,2,PigContext.java | PigConfiguration.java
20260814T033139Z,PIG-832,full_rag_minus_past_tickets,Enable configuration of the import list in PigContext to enhance flexibility and user control.,2,US-2,"As a user, I want to specify multiple import locations in the configuration file to extend the functionality of Pig scripts.",S,3,The configuration file supports specifying multiple import locations separated by a delimiter. | PigContext correctly loads and applies all specified import locations. | Documentation is updated to reflect the new configuration options.,US-1,2,PigContext.java | PigConfiguration.java
20260814T033139Z,PIG-832,full_rag_minus_past_tickets,Enable configuration of the import list in PigContext to enhance flexibility and user control.,3,US-3,"As a developer, I want to ensure backward compatibility so that existing scripts continue to function without modification.",S,2,"Existing scripts that rely on the hardwired import list continue to function correctly. | A warning is logged if the configuration file is missing, but execution proceeds with the default list.",US-1,1,PigContext.java
20260814T033139Z,PIG-832,full_rag_minus_design_documents,Enable configuration of the import list in PigContext to enhance flexibility and user control.,1,US-1,"As a developer, I want to make the import list configurable in PigContext so that I can customize the imports according to different execution environments.",M,3,The import list can be set via a configuration file. | The import list can be overridden using command line arguments. | The import list changes are reflected in the PigContext without requiring a restart.,,2,src/org/apache/pig/PigContext.java | src/org/apache/pig/PigConfiguration.java
20260814T033139Z,PIG-832,full_rag_minus_design_documents,Enable configuration of the import list in PigContext to enhance flexibility and user control.,2,US-2,"As a user, I want to use the 'set' command in Grunt to modify the import list dynamically so that I can adjust imports during runtime.",S,3,The 'set' command in Grunt allows modification of the import list. | Changes made via the 'set' command are immediately effective. | Documentation is updated to reflect the new usage of the 'set' command.,US-1,1,src/org/apache/pig/tools/grunt/GruntParser.java
20260814T033139Z,PIG-832,full_rag_minus_design_documents,Enable configuration of the import list in PigContext to enhance flexibility and user control.,3,US-3,"As a system administrator, I want to specify default import lists in the Pigrc file so that I can enforce organization-wide import standards.",M,3,The Pigrc file supports specifying default import lists. | The system respects the Pigrc file settings unless overridden by user-specific configurations. | Error handling is implemented for invalid entries in the Pigrc file.,US-1,2,src/org/apache/pig/PigContext.java | conf/pigrc
20260814T033139Z,PIG-832,full_rag_minus_coding_conventions,Enable configuration of the import list in PigContext to enhance flexibility and user control.,1,US-1,"As a developer, I want to configure the import list via the Pig command line so that I can easily manage dependencies without modifying the source code.",M,2,The import list can be specified using the -Dudf.import.list option on the command line. | Multiple import locations can be specified and are correctly parsed and applied.,,2,src/org/apache/pig/PigContext.java | src/org/apache/pig/PigConfiguration.java
20260814T033139Z,PIG-832,full_rag_minus_coding_conventions,Enable configuration of the import list in PigContext to enhance flexibility and user control.,2,US-2,"As a user, I want to set configuration properties using the 'set' command in Grunt so that I can dynamically adjust settings during script execution.",S,2,Configuration properties can be set using the 'set' command in the Grunt shell. | Changes made via the 'set' command are reflected in the PigContext configuration.,,2,src/org/apache/pig/tools/grunt/GruntParser.java | src/org/apache/pig/PigContext.java
20260814T033139Z,PIG-832,full_rag_minus_coding_conventions,Enable configuration of the import list in PigContext to enhance flexibility and user control.,3,US-3,"As a system administrator, I want Pigrc to support additional configuration settings like aliases and imports so that I can predefine common settings for all users.",L,2,Pigrc can include configuration settings for aliases and import lists. | Settings in Pigrc are loaded and applied when Pig starts.,US-1,2,src/org/apache/pig/PigContext.java | src/org/apache/pig/tools/pigrc/PigrcLoader.java
20260814T033139Z,PIG-832,full_rag_minus_codebase_summaries,Enable configuration of the import list in PigContext to enhance flexibility and usability.,1,US-1,"As a developer, I want to configure the import list in PigContext via the command line so that I can easily modify it without changing the source code.",M,3,The import list can be set using the '-Dudf.import.list' option on the command line. | Multiple import locations can be specified using a colon-separated list. | The system should validate the import list format and provide meaningful error messages for invalid inputs.,,1,src/org/apache/pig/PigContext.java
20260814T033139Z,PIG-832,full_rag_minus_codebase_summaries,Enable configuration of the import list in PigContext to enhance flexibility and usability.,2,US-2,"As a developer, I want to set configuration properties using the 'set' command in Grunt so that I can dynamically adjust settings during runtime.",M,3,The 'set' command in Grunt allows setting configuration properties including the import list. | Changes made via the 'set' command are reflected immediately in the PigContext. | Documentation is updated to reflect the new usage of the 'set' command.,,1,src/org/apache/pig/tools/grunt/GruntParser.java
20260814T033139Z,PIG-832,full_rag_minus_codebase_summaries,Enable configuration of the import list in PigContext to enhance flexibility and usability.,3,US-3,"As a developer, I want to specify import lists in the pigrc file so that I can predefine configurations for my Pig scripts.",S,3,The pigrc file supports specifying import lists. | Import lists defined in pigrc are loaded into PigContext at startup. | Conflicts between pigrc and command line settings are resolved with command line taking precedence.,,1,src/org/apache/pig/Main.java
20260814T033139Z,PIG-832,full_rag_minus_codebase_summaries,Enable configuration of the import list in PigContext to enhance flexibility and usability.,4,US-4,"As a developer, I want to ensure that system properties are copied to PigContext or specified on the command line to avoid duplication.",L,3,System properties are automatically copied to PigContext. | Command line properties override system properties if both are specified. | Documentation is updated to clarify the precedence of configuration settings.,US-1 | US-2,2,src/org/apache/pig/PigContext.java | src/org/apache/pig/Main.java
20260814T033139Z,PIG-868,vanilla,Implement utility UDFs for string operations in Apache Pig scripts to enhance log parsing capabilities.,1,US-1,"As a data engineer, I want to implement an 'indexof' UDF so that I can find the position of a substring within a string.",S,3,"The UDF should return the index of the first occurrence of the specified substring. | If the substring is not found, the UDF should return -1. | The UDF should handle null inputs gracefully.",,1,src/main/java/com/example/pig/udf/IndexOfUDF.java
20260814T033139Z,PIG-868,vanilla,Implement utility UDFs for string operations in Apache Pig scripts to enhance log parsing capabilities.,2,US-2,"As a data engineer, I want to implement a 'lastindexof' UDF so that I can find the position of the last occurrence of a substring within a string.",S,3,"The UDF should return the index of the last occurrence of the specified substring. | If the substring is not found, the UDF should return -1. | The UDF should handle null inputs gracefully.",,1,src/main/java/com/example/pig/udf/LastIndexOfUDF.java
20260814T033139Z,PIG-868,vanilla,Implement utility UDFs for string operations in Apache Pig scripts to enhance log parsing capabilities.,3,US-3,"As a data engineer, I want to implement a 'lower' UDF so that I can convert strings to lowercase.",S,2,The UDF should return the input string converted to lowercase. | The UDF should handle null inputs gracefully.,,1,src/main/java/com/example/pig/udf/LowerUDF.java
20260814T033139Z,PIG-868,vanilla,Implement utility UDFs for string operations in Apache Pig scripts to enhance log parsing capabilities.,4,US-4,"As a data engineer, I want to implement a 'replace' UDF so that I can replace occurrences of a substring within a string.",M,2,The UDF should replace all occurrences of a specified substring with another substring. | The UDF should handle null inputs gracefully.,,1,src/main/java/com/example/pig/udf/ReplaceUDF.java
20260814T033139Z,PIG-868,vanilla,Implement utility UDFs for string operations in Apache Pig scripts to enhance log parsing capabilities.,5,US-5,"As a data engineer, I want to implement a 'substring' UDF so that I can extract a portion of a string.",M,3,The UDF should return a substring based on the specified start and end indices. | The UDF should handle cases where indices are out of bounds gracefully. | The UDF should handle null inputs gracefully.,,1,src/main/java/com/example/pig/udf/SubstringUDF.java
20260814T033139Z,PIG-868,full_rag,Implement additional UDFs for string manipulation in Apache Pig to enhance log parsing capabilities.,1,US-1,"As a data engineer, I want to implement an 'indexof' UDF so that I can find the position of a substring within a string.",M,3,The UDF should return the first occurrence index of the substring. | The UDF should handle cases where the substring is not found by returning -1. | The UDF should allow an optional starting index for the search.,,1,INDEXOF.java
20260814T033139Z,PIG-868,full_rag,Implement additional UDFs for string manipulation in Apache Pig to enhance log parsing capabilities.,2,US-2,"As a data engineer, I want to implement a 'lastindexof' UDF so that I can find the last occurrence of a substring within a string.",M,2,The UDF should return the last occurrence index of the substring. | The UDF should handle cases where the substring is not found by returning -1.,,0,
20260814T033139Z,PIG-868,full_rag,Implement additional UDFs for string manipulation in Apache Pig to enhance log parsing capabilities.,3,US-3,"As a data engineer, I want to implement a 'lower' UDF so that I can convert strings to lowercase.",S,2,The UDF should convert all characters in the input string to lowercase. | The UDF should handle null inputs gracefully.,,0,
20260814T033139Z,PIG-868,full_rag,Implement additional UDFs for string manipulation in Apache Pig to enhance log parsing capabilities.,4,US-4,"As a data engineer, I want to implement a 'replace' UDF so that I can replace occurrences of a substring within a string.",M,2,The UDF should replace all occurrences of the target substring with the replacement string. | The UDF should handle cases where the target substring is not found by returning the original string.,,0,
20260814T033139Z,PIG-868,full_rag,Implement additional UDFs for string manipulation in Apache Pig to enhance log parsing capabilities.,5,US-5,"As a data engineer, I want to implement a 'substring' UDF so that I can extract a portion of a string based on start and end indices.",M,2,The UDF should return the substring from the start index to the end index. | The UDF should handle cases where indices are out of bounds by returning an empty string.,,0,
20260814T033139Z,PIG-868,full_rag_minus_past_tickets,Implement additional UDFs for Apache Pig to enhance log parsing capabilities.,1,US-1,"As a data engineer, I want to use the 'indexof' UDF to find the position of a substring within a string, so that I can accurately parse log data.",M,3,The 'indexof' UDF should return the correct index of the first occurrence of a substring. | The UDF should handle cases where the substring is not found by returning -1. | The UDF should allow an optional starting index for the search.,,1,INDEXOF.java
20260814T033139Z,PIG-868,full_rag_minus_past_tickets,Implement additional UDFs for Apache Pig to enhance log parsing capabilities.,2,US-2,"As a data engineer, I want to use the 'lastindexof' UDF to find the last occurrence of a substring within a string, so that I can parse log data more effectively.",M,2,The 'lastindexof' UDF should return the correct index of the last occurrence of a substring. | The UDF should handle cases where the substring is not found by returning -1.,,1,LastIndexOf.java
20260814T033139Z,PIG-868,full_rag_minus_past_tickets,Implement additional UDFs for Apache Pig to enhance log parsing capabilities.,3,US-3,"As a data engineer, I want to use the 'lower' UDF to convert strings to lowercase, so that I can standardize log data.",S,2,The 'lower' UDF should convert all characters in a string to lowercase. | The UDF should handle null inputs gracefully.,,1,Lower.java
20260814T033139Z,PIG-868,full_rag_minus_past_tickets,Implement additional UDFs for Apache Pig to enhance log parsing capabilities.,4,US-4,"As a data engineer, I want to use the 'replace' UDF to substitute parts of a string, so that I can clean and format log data.",M,2,The 'replace' UDF should replace all occurrences of a target substring with a replacement substring. | The UDF should handle cases where the target substring is not found by returning the original string.,,1,Replace.java
20260814T033139Z,PIG-868,full_rag_minus_past_tickets,Implement additional UDFs for Apache Pig to enhance log parsing capabilities.,5,US-5,"As a data engineer, I want to use the 'substring' UDF to extract parts of a string, so that I can isolate specific data from logs.",M,2,The 'substring' UDF should return the correct substring based on the provided start and end indices. | The UDF should handle out-of-bounds indices by returning an empty string.,,1,Substring.java
20260814T033139Z,PIG-868,full_rag_minus_design_documents,Implement additional UDFs for Apache Pig to enhance string manipulation capabilities.,1,US-1,"As a data engineer, I want to use an 'indexof' UDF to find the first occurrence of a substring in a string, so that I can easily parse and manipulate log data.",M,3,The 'indexof' UDF should return the index of the first occurrence of a specified substring within a string. | The UDF should accept an optional starting index parameter. | The UDF should handle edge cases such as empty strings and substrings not found.,,1,INDEXOF.java
20260814T033139Z,PIG-868,full_rag_minus_design_documents,Implement additional UDFs for Apache Pig to enhance string manipulation capabilities.,2,US-2,"As a data engineer, I want to use a 'lastindexof' UDF to find the last occurrence of a substring in a string, so that I can accurately parse log data.",M,2,The 'lastindexof' UDF should return the index of the last occurrence of a specified substring within a string. | The UDF should handle edge cases such as empty strings and substrings not found.,,1,LASTINDEXOF.java
20260814T033139Z,PIG-868,full_rag_minus_design_documents,Implement additional UDFs for Apache Pig to enhance string manipulation capabilities.,3,US-3,"As a data engineer, I want to use a 'lower' UDF to convert strings to lowercase, so that I can standardize data processing.",S,2,The 'lower' UDF should convert all characters in a string to lowercase. | The UDF should handle edge cases such as empty strings.,,1,LOWER.java
20260814T033139Z,PIG-868,full_rag_minus_design_documents,Implement additional UDFs for Apache Pig to enhance string manipulation capabilities.,4,US-4,"As a data engineer, I want to use a 'replace' UDF to replace occurrences of a substring with another substring, so that I can modify log data as needed.",M,2,The 'replace' UDF should replace all occurrences of a specified substring with another substring. | The UDF should handle edge cases such as empty strings and substrings not found.,,1,REPLACE.java
20260814T033139Z,PIG-868,full_rag_minus_design_documents,Implement additional UDFs for Apache Pig to enhance string manipulation capabilities.,5,US-5,"As a data engineer, I want to use a 'substring' UDF to extract a portion of a string, so that I can isolate specific data from log entries.",M,2,The 'substring' UDF should extract a portion of a string based on specified start and end indices. | The UDF should handle edge cases such as indices out of bounds.,,1,SUBSTRING.java
20260814T033139Z,PIG-868,full_rag_minus_coding_conventions,Implement additional UDFs for string manipulation in Apache Pig to enhance log parsing capabilities.,1,US-1,"As a data engineer, I want to implement an 'indexof' UDF to find the position of a substring within a string, so that I can easily parse and manipulate log data.",M,3,The UDF should return the index of the first occurrence of the substring. | The UDF should accept an optional parameter for the starting index. | The UDF should handle cases where the substring is not found by returning -1.,,1,src/org/apache/pig/piggybank/udf/string/INDEXOF.java
20260814T033139Z,PIG-868,full_rag_minus_coding_conventions,Implement additional UDFs for string manipulation in Apache Pig to enhance log parsing capabilities.,2,US-2,"As a data engineer, I want to implement a 'lastindexof' UDF to find the last occurrence of a substring within a string, so that I can accurately parse log data.",M,2,The UDF should return the index of the last occurrence of the substring. | The UDF should handle cases where the substring is not found by returning -1.,,1,src/org/apache/pig/piggybank/udf/string/LASTINDEXOF.java
20260814T033139Z,PIG-868,full_rag_minus_coding_conventions,Implement additional UDFs for string manipulation in Apache Pig to enhance log parsing capabilities.,3,US-3,"As a data engineer, I want to implement a 'lower' UDF to convert strings to lowercase, so that I can standardize log data for consistent processing.",S,2,The UDF should convert all characters in the input string to lowercase. | The UDF should handle null inputs gracefully.,,1,src/org/apache/pig/piggybank/udf/string/LOWER.java
20260814T033139Z,PIG-868,full_rag_minus_coding_conventions,Implement additional UDFs for string manipulation in Apache Pig to enhance log parsing capabilities.,4,US-4,"As a data engineer, I want to implement a 'replace' UDF to substitute occurrences of a substring with another string, so that I can modify log data as needed.",M,2,The UDF should replace all occurrences of the target substring with the replacement string. | The UDF should handle cases where the target substring is not found by returning the original string.,,1,src/org/apache/pig/piggybank/udf/string/REPLACE.java
20260814T033139Z,PIG-868,full_rag_minus_coding_conventions,Implement additional UDFs for string manipulation in Apache Pig to enhance log parsing capabilities.,5,US-5,"As a data engineer, I want to implement a 'substring' UDF to extract a portion of a string, so that I can isolate specific parts of log data.",M,2,The UDF should extract a substring based on the provided start and end indices. | The UDF should handle cases where indices are out of bounds by returning an empty string.,,1,src/org/apache/pig/piggybank/udf/string/SUBSTRING.java
20260814T033139Z,PIG-868,full_rag_minus_codebase_summaries,"Implement indexof, lastindexof, lower, replace, and substring UDFs for Apache Pig to enhance log parsing capabilities.",1,US-1,"As a data engineer, I want to implement an 'indexof' UDF so that I can find the position of a substring within a string in Pig scripts.",M,3,The UDF should return the first occurrence index of the substring. | The UDF should return -1 if the substring is not found. | The UDF should handle null inputs gracefully.,,1,src/main/java/org/apache/pig/piggybank/evaluation/string/IndexOf.java
20260814T033139Z,PIG-868,full_rag_minus_codebase_summaries,"Implement indexof, lastindexof, lower, replace, and substring UDFs for Apache Pig to enhance log parsing capabilities.",2,US-2,"As a data engineer, I want to implement a 'lastindexof' UDF so that I can find the last occurrence of a substring within a string in Pig scripts.",M,3,The UDF should return the last occurrence index of the substring. | The UDF should return -1 if the substring is not found. | The UDF should handle null inputs gracefully.,,1,src/main/java/org/apache/pig/piggybank/evaluation/string/LastIndexOf.java
20260814T033139Z,PIG-868,full_rag_minus_codebase_summaries,"Implement indexof, lastindexof, lower, replace, and substring UDFs for Apache Pig to enhance log parsing capabilities.",3,US-3,"As a data engineer, I want to implement a 'lower' UDF so that I can convert strings to lowercase in Pig scripts.",S,2,The UDF should convert all characters in the string to lowercase. | The UDF should handle null inputs gracefully.,,1,src/main/java/org/apache/pig/piggybank/evaluation/string/Lower.java
20260814T033139Z,PIG-868,full_rag_minus_codebase_summaries,"Implement indexof, lastindexof, lower, replace, and substring UDFs for Apache Pig to enhance log parsing capabilities.",4,US-4,"As a data engineer, I want to implement a 'replace' UDF so that I can replace occurrences of a substring with another substring in Pig scripts.",M,2,The UDF should replace all occurrences of the target substring with the replacement substring. | The UDF should handle null inputs gracefully.,,1,src/main/java/org/apache/pig/piggybank/evaluation/string/Replace.java
20260814T033139Z,PIG-868,full_rag_minus_codebase_summaries,"Implement indexof, lastindexof, lower, replace, and substring UDFs for Apache Pig to enhance log parsing capabilities.",5,US-5,"As a data engineer, I want to implement a 'substring' UDF so that I can extract a portion of a string based on start and end indices in Pig scripts.",M,3,The UDF should return the substring from the start index to the end index. | The UDF should handle cases where indices are out of bounds. | The UDF should handle null inputs gracefully.,,1,src/main/java/org/apache/pig/piggybank/evaluation/string/Substring.java
20260814T033139Z,PIG-885,vanilla,Implement new UDFs for piggybank to enhance data processing capabilities.,1,US-1,"As a data engineer, I want to convert continuous values into discrete values using the Bin UDF, so that I can categorize data effectively.",M,2,"Given a continuous value, when processed by the Bin UDF, then it should return the correct discrete value. | The Bin UDF should handle edge cases such as null or extreme values gracefully.",,1,src/main/java/org/apache/pig/piggybank/Bin.java
20260814T033139Z,PIG-885,vanilla,Implement new UDFs for piggybank to enhance data processing capabilities.,2,US-2,"As a data engineer, I want to convert attributes into string values using the Decode UDF, so that I can map values efficiently.",M,2,"Given an attribute, when processed by the Decode UDF, then it should return the correct mapped string value. | The Decode UDF should support default values for unmapped attributes.",,1,src/main/java/org/apache/pig/piggybank/Decode.java
20260814T033139Z,PIG-885,vanilla,Implement new UDFs for piggybank to enhance data processing capabilities.,3,US-3,"As a data engineer, I want to check for the existence of an expression in a series of text files using the LookupInFiles UDF, so that I can validate data presence.",L,2,"Given an expression and a set of files, when processed by the LookupInFiles UDF, then it should return true if the expression exists in any file. | The UDF should handle large files efficiently without performance degradation.",,1,src/main/java/org/apache/pig/piggybank/LookupInFiles.java
20260814T033139Z,PIG-885,vanilla,Implement new UDFs for piggybank to enhance data processing capabilities.,4,US-4,"As a data engineer, I want to extract and match patterns using RegexExtract and RegexMatch UDFs, so that I can perform complex text processing.",M,3,"Given a text and a regex pattern, when processed by the RegexExtract UDF, then it should return the correct extracted value. | Given a text and a regex pattern, when processed by the RegexMatch UDF, then it should return true if the pattern matches. | Both UDFs should support complex regex patterns similar to Perl.",,2,src/main/java/org/apache/pig/piggybank/RegexExtract.java | src/main/java/org/apache/pig/piggybank/RegexMatch.java
20260814T033139Z,PIG-885,vanilla,Implement new UDFs for piggybank to enhance data processing capabilities.,5,US-5,"As a data engineer, I want to hash values using the HashFNV UDF, so that I can generate unique identifiers.",S,2,"Given a value, when processed by the HashFNV UDF, then it should return the correct FNV hash. | The UDF should handle different data types and return consistent hash values.",,1,src/main/java/org/apache/pig/piggybank/HashFNV.java
20260814T033139Z,PIG-885,vanilla,Implement new UDFs for piggybank to enhance data processing capabilities.,6,US-6,"As a data engineer, I want to calculate the number of days between two dates using the DiffDate UDF, so that I can perform date arithmetic.",S,2,"Given two dates, when processed by the DiffDate UDF, then it should return the correct number of days between them. | The UDF should handle different date formats and invalid dates gracefully.",,1,src/main/java/org/apache/pig/piggybank/DiffDate.java
20260814T033139Z,PIG-885,full_rag,Implement new UDFs for Piggybank to enhance data processing capabilities in Apache Pig.,1,US-1,"As a data engineer, I want to implement a Bin UDF to convert continuous values into discrete values, so that I can categorize data efficiently.",M,3,The Bin UDF should accept continuous numerical values and a set of bin boundaries. | The UDF should return the corresponding bin index for each input value. | The UDF should handle edge cases where values are outside the defined bins.,,1,src/org/apache/pig/piggybank/BinUDF.java
20260814T033139Z,PIG-885,full_rag,Implement new UDFs for Piggybank to enhance data processing capabilities in Apache Pig.,2,US-2,"As a data engineer, I want to implement a Decode UDF to map attribute values to other string values, so that I can transform data based on predefined rules.",M,3,The Decode UDF should accept an attribute and a mapping of values to strings. | The UDF should return the mapped string value for each input attribute. | The UDF should handle cases where the input value has no mapping.,,1,src/org/apache/pig/piggybank/DecodeUDF.java
20260814T033139Z,PIG-885,full_rag,Implement new UDFs for Piggybank to enhance data processing capabilities in Apache Pig.,3,US-3,"As a data engineer, I want to implement a LookupInFiles UDF to check for the existence of an expression in a series of text files, so that I can validate data against external sources.",L,3,"The LookupInFiles UDF should accept an expression and a list of file paths. | The UDF should return true if the expression is found in any of the files, false otherwise. | The UDF should handle file reading errors gracefully.",,1,src/org/apache/pig/piggybank/LookupInFilesUDF.java
20260814T033139Z,PIG-885,full_rag,Implement new UDFs for Piggybank to enhance data processing capabilities in Apache Pig.,4,US-4,"As a data engineer, I want to implement RegexExtract and RegexMatch UDFs to perform regex operations on strings, so that I can extract and match patterns in data.",M,3,"The RegexExtract UDF should extract substrings based on a regex pattern. | The RegexMatch UDF should return true if the input string matches the regex pattern, false otherwise. | Both UDFs should handle invalid regex patterns gracefully.",,1,src/org/apache/pig/piggybank/RegexUDFs.java
20260814T033139Z,PIG-885,full_rag,Implement new UDFs for Piggybank to enhance data processing capabilities in Apache Pig.,5,US-5,"As a data engineer, I want to implement a HashFNV UDF to compute FNV hash values, so that I can generate consistent hash codes for data.",S,3,The HashFNV UDF should accept a string input and return its FNV hash value. | The UDF should produce consistent hash values for the same input. | The UDF should handle empty and null inputs appropriately.,,1,src/org/apache/pig/piggybank/HashFNVUDF.java
20260814T033139Z,PIG-885,full_rag,Implement new UDFs for Piggybank to enhance data processing capabilities in Apache Pig.,6,US-6,"As a data engineer, I want to implement a DiffDate UDF to calculate the number of days between two dates, so that I can perform date-based calculations.",M,3,The DiffDate UDF should accept two date inputs and return the number of days between them. | The UDF should handle different date formats and invalid dates gracefully. | The UDF should return zero if the dates are the same.,,1,src/org/apache/pig/piggybank/DiffDateUDF.java
20260814T033139Z,PIG-885,full_rag_minus_past_tickets,Implement new UDFs for Piggy Bank to enhance data processing capabilities in Apache Pig.,1,US-1,"As a data engineer, I want to use the Bin UDF to convert continuous values into discrete values, so that I can categorize data more effectively.",M,3,The Bin UDF should accept a continuous numerical input and a set of bin boundaries. | The UDF should return the corresponding discrete bin value for the input. | The UDF should handle edge cases where the input is exactly on a boundary.,,1,src/org/apache/pig/piggybank/BinUDF.java
20260814T033139Z,PIG-885,full_rag_minus_past_tickets,Implement new UDFs for Piggy Bank to enhance data processing capabilities in Apache Pig.,2,US-2,"As a data engineer, I want to use the Decode UDF to convert an attribute into another string value based on a mapping, so that I can simplify data transformations.",M,3,The Decode UDF should accept an input value and a mapping of source to target values. | The UDF should return the target value corresponding to the input value. | The UDF should return a default value if the input value is not found in the mapping.,,1,src/org/apache/pig/piggybank/DecodeUDF.java
20260814T033139Z,PIG-885,full_rag_minus_past_tickets,Implement new UDFs for Piggy Bank to enhance data processing capabilities in Apache Pig.,3,US-3,"As a data engineer, I want to use the LookupInFiles UDF to check for the existence of an expression in a series of text files, so that I can validate data against external sources.",L,3,"The LookupInFiles UDF should accept an expression and a list of file paths. | The UDF should return true if the expression is found in any of the files, false otherwise. | The UDF should handle file reading errors gracefully.",,1,src/org/apache/pig/piggybank/LookupInFilesUDF.java
20260814T033139Z,PIG-885,full_rag_minus_past_tickets,Implement new UDFs for Piggy Bank to enhance data processing capabilities in Apache Pig.,4,US-4,"As a data engineer, I want to use the RegexExtract and RegexMatch UDFs to perform regex operations on strings, so that I can extract and match patterns efficiently.",M,3,"The RegexExtract UDF should accept a string and a regex pattern, returning the extracted substring. | The RegexMatch UDF should accept a string and a regex pattern, returning true if the pattern matches, false otherwise. | Both UDFs should support common regex features such as groups and quantifiers.",,1,src/org/apache/pig/piggybank/RegexUDFs.java
20260814T033139Z,PIG-885,full_rag_minus_past_tickets,Implement new UDFs for Piggy Bank to enhance data processing capabilities in Apache Pig.,5,US-5,"As a data engineer, I want to use the HashFNV UDF to compute FNV hash values, so that I can generate consistent hash codes for data.",S,3,The HashFNV UDF should accept a string input and return its FNV hash value. | The UDF should support both 32-bit and 64-bit FNV hash variants. | The UDF should produce consistent hash values for the same input across different runs.,,1,src/org/apache/pig/piggybank/HashFNVUDF.java
20260814T033139Z,PIG-885,full_rag_minus_past_tickets,Implement new UDFs for Piggy Bank to enhance data processing capabilities in Apache Pig.,6,US-6,"As a data engineer, I want to use the DiffDate UDF to calculate the number of days between two dates, so that I can perform date arithmetic easily.",M,3,The DiffDate UDF should accept two date inputs and return the number of days between them. | The UDF should handle different date formats and time zones. | The UDF should return a negative number if the second date is earlier than the first.,,1,src/org/apache/pig/piggybank/DiffDateUDF.java
20260814T033139Z,PIG-885,full_rag_minus_design_documents,Implement new UDFs for Piggybank to enhance data processing capabilities in Apache Pig.,1,US-1,"As a data engineer, I want to use the Bin UDF to convert continuous values into discrete values, so that I can categorize data more effectively.",M,3,The Bin UDF should accept a continuous numerical input and a set of bin boundaries. | The UDF should return the discrete bin value corresponding to the input. | The UDF should handle edge cases where the input is exactly on a bin boundary.,,1,src/org/apache/pig/piggybank/BinUDF.java
20260814T033139Z,PIG-885,full_rag_minus_design_documents,Implement new UDFs for Piggybank to enhance data processing capabilities in Apache Pig.,2,US-2,"As a data engineer, I want to use the Decode UDF to map attribute values to other string values, so that I can transform data based on predefined rules.",M,3,The Decode UDF should accept an input value and a mapping of input values to output strings. | The UDF should return the corresponding output string for the input value. | The UDF should return a default value if the input value is not found in the mapping.,,1,src/org/apache/pig/piggybank/DecodeUDF.java
20260814T033139Z,PIG-885,full_rag_minus_design_documents,Implement new UDFs for Piggybank to enhance data processing capabilities in Apache Pig.,3,US-3,"As a data engineer, I want to use the LookupInFiles UDF to check for the existence of an expression in a series of text files, so that I can validate data against external datasets.",L,3,"The LookupInFiles UDF should accept an expression and a list of file paths. | The UDF should return true if the expression is found in any of the files, false otherwise. | The UDF should handle file reading errors gracefully.",,1,src/org/apache/pig/piggybank/LookupInFilesUDF.java
20260814T033139Z,PIG-885,full_rag_minus_design_documents,Implement new UDFs for Piggybank to enhance data processing capabilities in Apache Pig.,4,US-4,"As a data engineer, I want to use the RegexExtract and RegexMatch UDFs to perform regex operations on strings, so that I can extract and match patterns in data.",M,3,"The RegexExtract UDF should accept a string and a regex pattern, returning the extracted substring. | The RegexMatch UDF should accept a string and a regex pattern, returning true if the pattern matches, false otherwise. | Both UDFs should handle invalid regex patterns gracefully.",,1,src/org/apache/pig/piggybank/RegexUDF.java
20260814T033139Z,PIG-885,full_rag_minus_design_documents,Implement new UDFs for Piggybank to enhance data processing capabilities in Apache Pig.,5,US-5,"As a data engineer, I want to use the HashFNV UDF to compute FNV hash values, so that I can generate consistent hash codes for data.",S,3,The HashFNV UDF should accept a string input and return its FNV hash value. | The UDF should produce consistent hash values for the same input across different executions. | The UDF should handle empty and null inputs gracefully.,,1,src/org/apache/pig/piggybank/HashFNVUDF.java
20260814T033139Z,PIG-885,full_rag_minus_design_documents,Implement new UDFs for Piggybank to enhance data processing capabilities in Apache Pig.,6,US-6,"As a data engineer, I want to use the DiffDate UDF to calculate the number of days between two dates, so that I can perform date-based calculations.",M,3,The DiffDate UDF should accept two date inputs and return the number of days between them. | The UDF should handle different date formats and invalid dates gracefully. | The UDF should return a negative number if the second date is earlier than the first.,,1,src/org/apache/pig/piggybank/DiffDateUDF.java
20260814T033139Z,PIG-885,full_rag_minus_coding_conventions,Implement new UDFs for Piggybank to enhance data processing capabilities in Apache Pig.,1,US-1,"As a data engineer, I want to use the Bin UDF to convert continuous values into discrete values, so that I can categorize data more effectively.",M,2,"Given a continuous value, when the Bin UDF is applied, then it should return the correct discrete category. | The UDF should handle edge cases such as null or extreme values gracefully.",,1,src/org/apache/pig/piggybank/BinUDF.java
20260814T033139Z,PIG-885,full_rag_minus_coding_conventions,Implement new UDFs for Piggybank to enhance data processing capabilities in Apache Pig.,2,US-2,"As a data engineer, I want to use the Decode UDF to convert attributes into string values based on source attributes, so that I can simplify data transformation processes.",M,2,"Given a source attribute, when the Decode UDF is applied, then it should return the correct string value based on predefined mappings. | The UDF should support default values for unmapped attributes.",,1,src/org/apache/pig/piggybank/DecodeUDF.java
20260814T033139Z,PIG-885,full_rag_minus_coding_conventions,Implement new UDFs for Piggybank to enhance data processing capabilities in Apache Pig.,3,US-3,"As a data engineer, I want to use the LookupInFiles UDF to check for the existence of an expression in a series of text files, so that I can efficiently validate data against external sources.",L,2,"Given an expression and a set of files, when the LookupInFiles UDF is applied, then it should return true if the expression exists in any of the files. | The UDF should handle large files efficiently without significant performance degradation.",,1,src/org/apache/pig/piggybank/LookupInFilesUDF.java
20260814T033139Z,PIG-885,full_rag_minus_coding_conventions,Implement new UDFs for Piggybank to enhance data processing capabilities in Apache Pig.,4,US-4,"As a data engineer, I want to use the RegexExtract and RegexMatch UDFs to perform regex operations similar to Perl, so that I can extract and match patterns in data.",M,2,"Given a regex pattern and a string, when the RegexExtract UDF is applied, then it should return the extracted substring. | Given a regex pattern and a string, when the RegexMatch UDF is applied, then it should return true if the pattern matches the string.",,1,src/org/apache/pig/piggybank/RegexUDFs.java
20260814T033139Z,PIG-885,full_rag_minus_coding_conventions,Implement new UDFs for Piggybank to enhance data processing capabilities in Apache Pig.,5,US-5,"As a data engineer, I want to use the HashFNV UDF to apply the FNV hash algorithm, so that I can generate consistent hash values for data.",S,2,"Given a string input, when the HashFNV UDF is applied, then it should return the correct FNV hash value. | The UDF should support different FNV hash variants (e.g., FNV-1, FNV-1a).",,1,src/org/apache/pig/piggybank/HashFNVUDF.java
20260814T033139Z,PIG-885,full_rag_minus_coding_conventions,Implement new UDFs for Piggybank to enhance data processing capabilities in Apache Pig.,6,US-6,"As a data engineer, I want to use the DiffDate UDF to calculate the number of days between two dates, so that I can perform date-based calculations.",M,2,"Given two date inputs, when the DiffDate UDF is applied, then it should return the correct number of days between the dates. | The UDF should handle different date formats and time zones.",,1,src/org/apache/pig/piggybank/DiffDateUDF.java
20260814T033139Z,PIG-885,full_rag_minus_codebase_summaries,Develop and integrate new UDFs for Piggybank to enhance data processing capabilities in Apache Pig.,1,US-1,"As a data engineer, I want to create a Bin UDF to convert continuous values into discrete values, so that I can categorize data efficiently.",M,3,The Bin UDF should accept continuous numerical values as input. | The UDF should output discrete values based on predefined bins. | The UDF should be tested with various datasets to ensure accuracy.,,1,src/org/apache/pig/piggybank/BinUDF.java
20260814T033139Z,PIG-885,full_rag_minus_codebase_summaries,Develop and integrate new UDFs for Piggybank to enhance data processing capabilities in Apache Pig.,2,US-2,"As a data engineer, I want to create a Decode UDF to convert attributes or expressions into another string value, so that I can transform data based on specific conditions.",M,3,The Decode UDF should map input values to specified output values. | The UDF should handle default cases where no mapping is found. | The UDF should be tested with various mapping scenarios.,,1,src/org/apache/pig/piggybank/DecodeUDF.java
20260814T033139Z,PIG-885,full_rag_minus_codebase_summaries,Develop and integrate new UDFs for Piggybank to enhance data processing capabilities in Apache Pig.,3,US-3,"As a data engineer, I want to create a LookupInFiles UDF to check for the existence of an expression in a series of text files, so that I can validate data against external sources.",L,3,"The LookupInFiles UDF should accept a string expression and a list of file paths. | The UDF should return true if the expression is found in any of the files, false otherwise. | The UDF should handle file reading errors gracefully.",,1,src/org/apache/pig/piggybank/LookupInFilesUDF.java
20260814T033139Z,PIG-885,full_rag_minus_codebase_summaries,Develop and integrate new UDFs for Piggybank to enhance data processing capabilities in Apache Pig.,4,US-4,"As a data engineer, I want to create RegexExtract and RegexMatch UDFs to perform regex operations on data, so that I can extract and match patterns efficiently.",M,3,"The RegexExtract UDF should extract substrings based on a regex pattern. | The RegexMatch UDF should return true if the input matches the regex pattern, false otherwise. | Both UDFs should be tested with various regex patterns and input data.",,2,src/org/apache/pig/piggybank/RegexExtractUDF.java | src/org/apache/pig/piggybank/RegexMatchUDF.java
20260814T033139Z,PIG-885,full_rag_minus_codebase_summaries,Develop and integrate new UDFs for Piggybank to enhance data processing capabilities in Apache Pig.,5,US-5,"As a data engineer, I want to create a HashFNV UDF to implement the FNV hash algorithm, so that I can generate hash values for data integrity checks.",M,3,"The HashFNV UDF should compute the FNV hash for given input data. | The UDF should support different FNV hash variants (e.g., FNV-1, FNV-1a). | The UDF should be tested for hash collisions and performance.",,1,src/org/apache/pig/piggybank/HashFNVUDF.java
20260814T033139Z,PIG-885,full_rag_minus_codebase_summaries,Develop and integrate new UDFs for Piggybank to enhance data processing capabilities in Apache Pig.,6,US-6,"As a data engineer, I want to create a DiffDate UDF to calculate the number of days between two dates, so that I can perform date-based calculations.",S,3,The DiffDate UDF should accept two date inputs and return the number of days between them. | The UDF should handle different date formats and invalid inputs gracefully. | The UDF should be tested with various date ranges and edge cases.,,1,src/org/apache/pig/piggybank/DiffDateUDF.java
20260814T033139Z,PIG-893,vanilla,"Implement support for casting chararray to various simple types in Pig, with error handling and logging.",1,US-1,"As a developer, I want to cast chararray to integer so that I can handle numeric data stored as strings.",M,3,Casting a valid numeric string to integer returns the correct integer value. | Casting an invalid numeric string to integer returns null and logs a warning. | Casting a string that causes overflow returns null and logs a warning.,,1,src/org/apache/pig/builtin/Cast.java
20260814T033139Z,PIG-893,vanilla,"Implement support for casting chararray to various simple types in Pig, with error handling and logging.",2,US-2,"As a developer, I want to cast chararray to long so that I can handle large numeric data stored as strings.",M,3,Casting a valid numeric string to long returns the correct long value. | Casting an invalid numeric string to long returns null and logs a warning. | Casting a string that causes overflow returns null and logs a warning.,,1,src/org/apache/pig/builtin/Cast.java
20260814T033139Z,PIG-893,vanilla,"Implement support for casting chararray to various simple types in Pig, with error handling and logging.",3,US-3,"As a developer, I want to cast chararray to float so that I can handle floating-point data stored as strings.",M,3,Casting a valid numeric string to float returns the correct float value. | Casting an invalid numeric string to float returns null and logs a warning. | Casting a string that causes overflow returns null and logs a warning.,,1,src/org/apache/pig/builtin/Cast.java
20260814T033139Z,PIG-893,vanilla,"Implement support for casting chararray to various simple types in Pig, with error handling and logging.",4,US-4,"As a developer, I want to cast chararray to double so that I can handle double-precision floating-point data stored as strings.",M,3,Casting a valid numeric string to double returns the correct double value. | Casting an invalid numeric string to double returns null and logs a warning. | Casting a string that causes overflow returns null and logs a warning.,,1,src/org/apache/pig/builtin/Cast.java
20260814T033139Z,PIG-893,vanilla,"Implement support for casting chararray to various simple types in Pig, with error handling and logging.",5,US-5,"As a developer, I want to cast chararray to bytearray so that I can handle binary data stored as strings.",S,2,Casting a valid string to bytearray returns the correct bytearray value. | Casting an invalid string to bytearray returns null and logs a warning.,,1,src/org/apache/pig/builtin/Cast.java
20260814T033139Z,PIG-893,full_rag,"Enhance Pig to support casting of chararray to integer, long, float, double, and bytearray with error handling.",1,US-1,"As a developer, I want to cast chararray to integer so that I can handle numeric data stored as strings.",M,2,Casting a valid numeric chararray to integer returns the correct integer value. | Casting an invalid numeric chararray to integer returns null and logs a warning.,,2,LoadCaster.java | CastUtils.java
20260814T033139Z,PIG-893,full_rag,"Enhance Pig to support casting of chararray to integer, long, float, double, and bytearray with error handling.",2,US-2,"As a developer, I want to cast chararray to long so that I can handle large numeric data stored as strings.",M,2,Casting a valid numeric chararray to long returns the correct long value. | Casting an invalid numeric chararray to long returns null and logs a warning.,,2,LoadCaster.java | CastUtils.java
20260814T033139Z,PIG-893,full_rag,"Enhance Pig to support casting of chararray to integer, long, float, double, and bytearray with error handling.",3,US-3,"As a developer, I want to cast chararray to float so that I can handle floating-point data stored as strings.",M,2,Casting a valid numeric chararray to float returns the correct float value. | Casting an invalid numeric chararray to float returns null and logs a warning.,,2,LoadCaster.java | CastUtils.java
20260814T033139Z,PIG-893,full_rag,"Enhance Pig to support casting of chararray to integer, long, float, double, and bytearray with error handling.",4,US-4,"As a developer, I want to cast chararray to double so that I can handle double-precision floating-point data stored as strings.",M,2,Casting a valid numeric chararray to double returns the correct double value. | Casting an invalid numeric chararray to double returns null and logs a warning.,,2,LoadCaster.java | CastUtils.java
20260814T033139Z,PIG-893,full_rag,"Enhance Pig to support casting of chararray to integer, long, float, double, and bytearray with error handling.",5,US-5,"As a developer, I want to cast chararray to bytearray so that I can handle binary data stored as strings.",S,2,Casting a valid chararray to bytearray returns the correct bytearray value. | Casting an invalid chararray to bytearray returns null and logs a warning.,,2,LoadCaster.java | CastUtils.java
20260814T033139Z,PIG-893,full_rag_minus_past_tickets,Enhance Apache Pig to support casting of chararray to other simple types with error handling.,1,US-1,"As a developer, I want to cast chararray to integer so that I can handle numeric operations on string representations of numbers.",M,2,Casting a valid numeric chararray to integer returns the correct integer value. | Casting an invalid numeric chararray to integer returns null and logs a warning.,,2,LoadCaster.java | CastUtils.java
20260814T033139Z,PIG-893,full_rag_minus_past_tickets,Enhance Apache Pig to support casting of chararray to other simple types with error handling.,2,US-2,"As a developer, I want to cast chararray to long so that I can handle large numeric operations on string representations of numbers.",M,2,Casting a valid numeric chararray to long returns the correct long value. | Casting an invalid numeric chararray to long returns null and logs a warning.,,2,LoadCaster.java | CastUtils.java
20260814T033139Z,PIG-893,full_rag_minus_past_tickets,Enhance Apache Pig to support casting of chararray to other simple types with error handling.,3,US-3,"As a developer, I want to cast chararray to float so that I can handle floating-point operations on string representations of numbers.",M,2,Casting a valid numeric chararray to float returns the correct float value. | Casting an invalid numeric chararray to float returns null and logs a warning.,,2,LoadCaster.java | CastUtils.java
20260814T033139Z,PIG-893,full_rag_minus_past_tickets,Enhance Apache Pig to support casting of chararray to other simple types with error handling.,4,US-4,"As a developer, I want to cast chararray to double so that I can handle double precision operations on string representations of numbers.",M,2,Casting a valid numeric chararray to double returns the correct double value. | Casting an invalid numeric chararray to double returns null and logs a warning.,,2,LoadCaster.java | CastUtils.java
20260814T033139Z,PIG-893,full_rag_minus_past_tickets,Enhance Apache Pig to support casting of chararray to other simple types with error handling.,5,US-5,"As a developer, I want to cast chararray to bytearray so that I can handle binary operations on string data.",S,2,Casting a chararray to bytearray returns the correct bytearray representation. | Casting should not fail for any chararray input.,,2,LoadCaster.java | CastUtils.java
20260814T033139Z,PIG-893,full_rag_minus_design_documents,Enhance Pig to support casting of chararray to other simple types with error handling.,1,US-1,"As a Pig user, I want to cast chararray to integer so that I can process numeric data stored as strings.",M,2,"Given a chararray, when it contains a valid integer, then it should be cast to integer. | Given a chararray, when it contains an invalid integer, then it should return null and log a warning.",,1,src/org/apache/pig/impl/util/CastUtils.java
20260814T033139Z,PIG-893,full_rag_minus_design_documents,Enhance Pig to support casting of chararray to other simple types with error handling.,2,US-2,"As a Pig user, I want to cast chararray to long so that I can process large numeric data stored as strings.",M,2,"Given a chararray, when it contains a valid long, then it should be cast to long. | Given a chararray, when it contains an invalid long, then it should return null and log a warning.",,1,src/org/apache/pig/impl/util/CastUtils.java
20260814T033139Z,PIG-893,full_rag_minus_design_documents,Enhance Pig to support casting of chararray to other simple types with error handling.,3,US-3,"As a Pig user, I want to cast chararray to float so that I can process floating-point data stored as strings.",M,2,"Given a chararray, when it contains a valid float, then it should be cast to float. | Given a chararray, when it contains an invalid float, then it should return null and log a warning.",,1,src/org/apache/pig/impl/util/CastUtils.java
20260814T033139Z,PIG-893,full_rag_minus_design_documents,Enhance Pig to support casting of chararray to other simple types with error handling.,4,US-4,"As a Pig user, I want to cast chararray to double so that I can process double-precision data stored as strings.",M,2,"Given a chararray, when it contains a valid double, then it should be cast to double. | Given a chararray, when it contains an invalid double, then it should return null and log a warning.",,1,src/org/apache/pig/impl/util/CastUtils.java
20260814T033139Z,PIG-893,full_rag_minus_design_documents,Enhance Pig to support casting of chararray to other simple types with error handling.,5,US-5,"As a Pig user, I want to cast chararray to bytearray so that I can handle binary data stored as strings.",S,1,"Given a chararray, when it is cast to bytearray, it should convert the string to its byte representation.",,1,src/org/apache/pig/impl/util/CastUtils.java
20260814T033139Z,PIG-893,full_rag_minus_coding_conventions,Enhance Pig to support casting of chararray to other simple types with error handling.,1,US-1,"As a developer, I want to cast chararray to integer so that I can handle numeric data stored as strings.",M,2,Casting a valid numeric chararray to integer returns the correct integer value. | Casting an invalid numeric chararray to integer returns null and logs a warning.,,2,src/org/apache/pig/CastUtils.java | src/org/apache/pig/LoadCaster.java
20260814T033139Z,PIG-893,full_rag_minus_coding_conventions,Enhance Pig to support casting of chararray to other simple types with error handling.,2,US-2,"As a developer, I want to cast chararray to long so that I can handle large numeric data stored as strings.",M,2,Casting a valid numeric chararray to long returns the correct long value. | Casting an invalid numeric chararray to long returns null and logs a warning.,,2,src/org/apache/pig/CastUtils.java | src/org/apache/pig/LoadCaster.java
20260814T033139Z,PIG-893,full_rag_minus_coding_conventions,Enhance Pig to support casting of chararray to other simple types with error handling.,3,US-3,"As a developer, I want to cast chararray to float so that I can handle floating-point data stored as strings.",M,2,Casting a valid numeric chararray to float returns the correct float value. | Casting an invalid numeric chararray to float returns null and logs a warning.,,2,src/org/apache/pig/CastUtils.java | src/org/apache/pig/LoadCaster.java
20260814T033139Z,PIG-893,full_rag_minus_coding_conventions,Enhance Pig to support casting of chararray to other simple types with error handling.,4,US-4,"As a developer, I want to cast chararray to double so that I can handle double precision data stored as strings.",M,2,Casting a valid numeric chararray to double returns the correct double value. | Casting an invalid numeric chararray to double returns null and logs a warning.,,2,src/org/apache/pig/CastUtils.java | src/org/apache/pig/LoadCaster.java
20260814T033139Z,PIG-893,full_rag_minus_coding_conventions,Enhance Pig to support casting of chararray to other simple types with error handling.,5,US-5,"As a developer, I want to cast chararray to bytearray so that I can handle binary data stored as strings.",S,2,Casting a valid chararray to bytearray returns the correct bytearray value. | Casting an invalid chararray to bytearray returns null and logs a warning.,,2,src/org/apache/pig/CastUtils.java | src/org/apache/pig/LoadCaster.java
20260814T033139Z,PIG-893,full_rag_minus_codebase_summaries,"Implement support for casting chararray to other simple types in Apache Pig, ensuring graceful handling of conversion failures.",1,US-1,"As a Pig user, I want to cast chararray to integer so that I can perform numerical operations on string data.",M,2,Casting a valid chararray to integer returns the correct integer value. | Casting an invalid chararray to integer returns null and logs a warning.,,1,src/org/apache/pig/builtin/Cast.java
20260814T033139Z,PIG-893,full_rag_minus_codebase_summaries,"Implement support for casting chararray to other simple types in Apache Pig, ensuring graceful handling of conversion failures.",2,US-2,"As a Pig user, I want to cast chararray to long so that I can handle large numerical values represented as strings.",M,2,Casting a valid chararray to long returns the correct long value. | Casting an invalid chararray to long returns null and logs a warning.,,1,src/org/apache/pig/builtin/Cast.java
20260814T033139Z,PIG-893,full_rag_minus_codebase_summaries,"Implement support for casting chararray to other simple types in Apache Pig, ensuring graceful handling of conversion failures.",3,US-3,"As a Pig user, I want to cast chararray to float so that I can perform floating-point operations on string data.",M,2,Casting a valid chararray to float returns the correct float value. | Casting an invalid chararray to float returns null and logs a warning.,,1,src/org/apache/pig/builtin/Cast.java
20260814T033139Z,PIG-893,full_rag_minus_codebase_summaries,"Implement support for casting chararray to other simple types in Apache Pig, ensuring graceful handling of conversion failures.",4,US-4,"As a Pig user, I want to cast chararray to double so that I can handle high-precision floating-point operations on string data.",M,2,Casting a valid chararray to double returns the correct double value. | Casting an invalid chararray to double returns null and logs a warning.,,1,src/org/apache/pig/builtin/Cast.java
20260814T033139Z,PIG-893,full_rag_minus_codebase_summaries,"Implement support for casting chararray to other simple types in Apache Pig, ensuring graceful handling of conversion failures.",5,US-5,"As a Pig user, I want to cast chararray to bytearray so that I can handle binary data represented as strings.",S,2,Casting a valid chararray to bytearray returns the correct bytearray value. | Casting an invalid chararray to bytearray returns null and logs a warning.,,1,src/org/apache/pig/builtin/Cast.java
20260814T033139Z,PIG-907,vanilla,"Implement multiple versions of HashFNV to handle 1 or 2 parameters, allowing Pig to automatically select the appropriate version and perform type casting.",1,US-1,"As a developer, I want to implement a version of HashFNV that accepts a single parameter so that it can be used when only one input is provided.",M,3,The function HashFNV should accept a single parameter. | The function should return a consistent hash value for the given input. | Unit tests should cover various input types and edge cases.,,1,src/org/apache/pig/piggybank/evaluation/hash/HashFNV.java
20260814T033139Z,PIG-907,vanilla,"Implement multiple versions of HashFNV to handle 1 or 2 parameters, allowing Pig to automatically select the appropriate version and perform type casting.",2,US-2,"As a developer, I want to implement a version of HashFNV that accepts two parameters so that it can be used when two inputs are provided.",M,3,The function HashFNV should accept two parameters. | The function should return a consistent hash value for the given inputs. | Unit tests should cover various input types and edge cases.,,1,src/org/apache/pig/piggybank/evaluation/hash/HashFNV.java
20260814T033139Z,PIG-907,vanilla,"Implement multiple versions of HashFNV to handle 1 or 2 parameters, allowing Pig to automatically select the appropriate version and perform type casting.",3,US-3,"As a developer, I want to ensure that Pig automatically selects the correct version of HashFNV based on the number of parameters provided, to simplify user experience.",L,3,Pig should automatically select the single-parameter version of HashFNV when one parameter is provided. | Pig should automatically select the two-parameter version of HashFNV when two parameters are provided. | No explicit type casting should be required by the user.,US-1 | US-2,2,src/org/apache/pig/piggybank/evaluation/hash/HashFNV.java | src/org/apache/pig/impl/logicalLayer/LogicalPlanBuilder.java
20260814T033139Z,PIG-907,full_rag,Implement multiple versions of HashFNV in Piggybank to handle different parameter inputs and improve type casting.,1,US-1,"As a developer, I want to create a version of HashFNV that accepts a single parameter so that it can be used when only one input is provided.",M,3,The HashFNV function should accept a single parameter. | The function should correctly compute the FNV hash for the input. | Unit tests should cover various input types and edge cases.,,1,src/org/apache/pig/piggybank/evaluation/HashFNV.java
20260814T033139Z,PIG-907,full_rag,Implement multiple versions of HashFNV in Piggybank to handle different parameter inputs and improve type casting.,2,US-2,"As a developer, I want to create a version of HashFNV that accepts two parameters so that it can be used when two inputs are provided.",M,3,The HashFNV function should accept two parameters. | The function should correctly compute the FNV hash for the combined input. | Unit tests should cover various input types and edge cases.,,1,src/org/apache/pig/piggybank/evaluation/HashFNV.java
20260814T033139Z,PIG-907,full_rag,Implement multiple versions of HashFNV in Piggybank to handle different parameter inputs and improve type casting.,3,US-3,"As a developer, I want to ensure that Pig can automatically select the correct version of HashFNV based on the number of parameters provided.",L,3,Pig should automatically select the correct HashFNV version based on the number of parameters. | No explicit type casting should be required by the user. | Integration tests should verify the correct version selection in various scenarios.,US-1 | US-2,2,src/org/apache/pig/piggybank/evaluation/HashFNV.java | src/org/apache/pig/impl/logicalLayer/LogicalPlanBuilder.java
20260814T033139Z,PIG-907,full_rag_minus_past_tickets,Implement multiple versions of HashFNV in Piggybank to handle different parameter inputs and improve type casting.,1,US-1,"As a developer, I want to create a version of HashFNV that accepts a single parameter so that it can be used when only one input is provided.",M,3,The HashFNV function should accept a single parameter. | The function should correctly compute the hash using the provided parameter. | Unit tests should cover various input scenarios for a single parameter.,,1,src/org/apache/pig/piggybank/evaluation/HashFNV.java
20260814T033139Z,PIG-907,full_rag_minus_past_tickets,Implement multiple versions of HashFNV in Piggybank to handle different parameter inputs and improve type casting.,2,US-2,"As a developer, I want to create a version of HashFNV that accepts two parameters so that it can be used when two inputs are provided.",M,3,The HashFNV function should accept two parameters. | The function should correctly compute the hash using both parameters. | Unit tests should cover various input scenarios for two parameters.,,1,src/org/apache/pig/piggybank/evaluation/HashFNV.java
20260814T033139Z,PIG-907,full_rag_minus_past_tickets,Implement multiple versions of HashFNV in Piggybank to handle different parameter inputs and improve type casting.,3,US-3,"As a developer, I want to implement logic to automatically select the correct version of HashFNV based on the number of parameters provided to improve usability.",L,3,The system should automatically select the correct HashFNV version based on the number of parameters. | No explicit type casting should be required by the user. | Integration tests should verify the correct version selection in various scenarios.,US-1 | US-2,2,src/org/apache/pig/piggybank/evaluation/HashFNV.java | src/org/apache/pig/impl/logicalLayer/LogicalPlan.java
20260814T033139Z,PIG-907,full_rag_minus_design_documents,Implement multiple versions of HashFNV in Piggybank to handle different parameter inputs and improve usability.,1,US-1,"As a developer, I want to create a version of HashFNV that accepts a single parameter so that it can be used for simple hashing operations.",M,3,The HashFNV function should accept a single parameter. | The function should correctly compute the FNV hash for the input. | Unit tests should cover various input scenarios for the single parameter version.,,1,src/org/apache/pig/piggybank/evaluation/HashFNV.java
20260814T033139Z,PIG-907,full_rag_minus_design_documents,Implement multiple versions of HashFNV in Piggybank to handle different parameter inputs and improve usability.,2,US-2,"As a developer, I want to create a version of HashFNV that accepts two parameters to allow more complex hashing operations.",M,3,The HashFNV function should accept two parameters. | The function should correctly compute the FNV hash using both parameters. | Unit tests should cover various input scenarios for the two-parameter version.,,1,src/org/apache/pig/piggybank/evaluation/HashFNV.java
20260814T033139Z,PIG-907,full_rag_minus_design_documents,Implement multiple versions of HashFNV in Piggybank to handle different parameter inputs and improve usability.,3,US-3,"As a developer, I want to ensure that Pig can automatically select the correct version of HashFNV based on the number of parameters provided.",L,3,Pig should automatically select the correct HashFNV version when one or two parameters are provided. | No explicit type casting should be required by the user. | Integration tests should verify the automatic selection of the correct function version.,US-1 | US-2,2,src/org/apache/pig/piggybank/evaluation/HashFNV.java | src/org/apache/pig/impl/logicalLayer/LogicalPlanBuilder.java
20260814T033139Z,PIG-907,full_rag_minus_coding_conventions,Implement multiple versions of HashFNV in Piggybank to handle different parameter types and improve usability.,1,US-1,"As a developer, I want to create a version of HashFNV that accepts a single parameter so that users can hash a single value without explicit type casting.",M,3,The function should accept a single parameter of any supported data type. | The function should return a consistent hash value for the input. | Unit tests should cover various data types and edge cases.,,1,src/org/apache/pig/piggybank/evaluation/HashFNV.java
20260814T033139Z,PIG-907,full_rag_minus_coding_conventions,Implement multiple versions of HashFNV in Piggybank to handle different parameter types and improve usability.,2,US-2,"As a developer, I want to create a version of HashFNV that accepts two parameters so that users can hash a combination of values without explicit type casting.",M,3,The function should accept two parameters of any supported data types. | The function should return a consistent hash value for the combination of inputs. | Unit tests should cover various data type combinations and edge cases.,,1,src/org/apache/pig/piggybank/evaluation/HashFNV.java
20260814T033139Z,PIG-907,full_rag_minus_coding_conventions,Implement multiple versions of HashFNV in Piggybank to handle different parameter types and improve usability.,3,US-3,"As a developer, I want to update the Piggybank documentation to include examples of using the new HashFNV versions so that users can easily understand how to use them.",S,3,Documentation should include examples for both single and two-parameter versions. | Examples should demonstrate usage with different data types. | Documentation should be clear and concise.,US-1 | US-2,1,docs/piggybank/HashFNV.md
20260814T033139Z,PIG-907,full_rag_minus_codebase_summaries,Implement multiple versions of HashFNV in Piggybank to handle different parameter types and improve usability.,1,US-1,"As a developer, I want to implement a version of HashFNV that accepts a single parameter so that users can hash a single value without explicit type casting.",M,3,The function accepts a single parameter of any type. | The function returns a consistent hash value for the input. | The function is documented with examples of usage.,,1,src/org/apache/pig/piggybank/evaluation/HashFNV.java
20260814T033139Z,PIG-907,full_rag_minus_codebase_summaries,Implement multiple versions of HashFNV in Piggybank to handle different parameter types and improve usability.,2,US-2,"As a developer, I want to implement a version of HashFNV that accepts two parameters so that users can hash a combination of values without explicit type casting.",M,3,The function accepts two parameters of any type. | The function returns a consistent hash value for the combination of inputs. | The function is documented with examples of usage.,,1,src/org/apache/pig/piggybank/evaluation/HashFNV.java
20260814T033139Z,PIG-907,full_rag_minus_codebase_summaries,Implement multiple versions of HashFNV in Piggybank to handle different parameter types and improve usability.,3,US-3,"As a developer, I want to update the Piggybank documentation to include the new versions of HashFNV so that users understand how to use them.",S,3,Documentation includes descriptions of both versions of HashFNV. | Examples of usage for both single and dual parameter versions are provided. | Documentation is reviewed and approved by a technical writer.,US-1 | US-2,1,docs/piggybank/HashFNV.md
